area,mean_intensity,perimeter,prep,dir_name,image_name
1077.0,1.0,151.94112549695427,TFIIB FL,data,good_condensates
188.0,1.0,69.76345596729058,TFIIB FL,data,good_condensates
1.0,1.0,0.0,TFIIB FL,data,good_condensates
312.0,1.0,137.21320343559643,TFIIB FL,data,good_condensates
7279.0,1.0,452.7411613907041,TFIIB FL,data,good_condensates
964.0,1.0,136.49137802864846,TFIIB FL,data,good_condensates
2004.0,1.0,234.60407640085654,TFIIB FL,data,good_condensates
2.0,1.0,0.0,TFIIB FL,data,good_condensates
1164.0,1.0,130.9116882454314,TFIIB FL,data,good_condensates
27.0,1.0,18.0,TFIIB FL,data,good_condensates
613.0,1.0,124.90559159102153,TFIIB FL,data,good_condensates
4811.0,1.0,278.79393923934,TFIIB FL,data,good_condensates
3053.0,1.0,214.095454429505,TFIIB FL,data,good_condensates
1.0,1.0,0.0,TFIIB FL,data,good_condensates
1.0,1.0,0.0,TFIIB FL,data,good_condensates
2.0,1.0,0.0,TFIIB FL,data,good_condensates
362.0,1.0,80.698484809835,TFIIB FL,data,good_condensates
49.0,1.0,28.27817459305202,TFIIB FL,data,good_condensates
1174.0,1.0,135.1543289325507,TFIIB FL,data,good_condensates
284.0,1.0,68.8700576850888,TFIIB FL,data,good_condensates
1773.0,1.0,175.46803743153546,TFIIB FL,data,good_condensates
742.0,1.0,110.01219330881975,TFIIB FL,data,good_condensates
3497.0,1.0,244.54520189781084,TFIIB FL,data,good_condensates
6521.0,1.0,425.8061325481598,TFIIB FL,data,good_condensates
3347.0,1.0,228.30256121069152,TFIIB FL,data,good_condensates
1.0,1.0,0.0,TFIIB FL,data,good_condensates
12.0,1.0,11.621320343559644,TFIIB FL,data,good_condensates
1.0,1.0,0.0,TFIIB FL,data,good_condensates
476.0,1.0,88.39087296526012,TFIIB FL,data,good_condensates
4.0,1.0,3.2071067811865475,TFIIB FL,data,good_condensates
2466.0,1.0,198.0243866176395,TFIIB FL,data,good_condensates
1.0,1.0,0.0,TFIIB FL,data,good_condensates
3060.0,1.0,264.9594154601839,TFIIB FL,data,good_condensates
314.0,1.0,70.66295090390226,TFIIB FL,data,good_condensates
2.0,1.0,0.0,TFIIB FL,data,good_condensates
1.0,1.0,0.0,TFIIB FL,data,good_condensates
21034.0,1.0,1393.4894654563448,TFIIB FL,data,good_condensates
34.0,1.0,21.86396103067893,TFIIB FL,data,good_condensates
50.0,1.0,31.48528137423857,TFIIB FL,data,good_condensates
1.0,1.0,0.0,TFIIB FL,data,good_condensates
1.0,1.0,0.0,TFIIB FL,data,good_condensates
3051.0,1.0,222.3380951166243,TFIIB FL,data,good_condensates
1.0,1.0,0.0,TFIIB FL,data,good_condensates
3.0,1.0,1.0,TFIIB FL,data,good_condensates
1.0,1.0,0.0,TFIIB FL,data,good_condensates
1.0,1.0,0.0,TFIIB FL,data,good_condensates
2.0,1.0,0.0,TFIIB FL,data,good_condensates
131.0,1.0,45.00609665440987,TFIIB FL,data,good_condensates
1.0,1.0,0.0,TFIIB FL,data,good_condensates
2717.0,1.0,230.95941546018392,TFIIB FL,data,good_condensates
4.0,1.0,4.414213562373095,TFIIB FL,data,good_condensates
269.0,1.0,72.11269837220809,TFIIB FL,data,good_condensates
1.0,1.0,0.0,TFIIB FL,data,good_condensates
14.0,1.0,11.621320343559644,TFIIB FL,data,good_condensates
1.0,1.0,0.0,TFIIB FL,data,good_condensates
1.0,1.0,0.0,TFIIB FL,data,good_condensates
3.0,1.0,3.414213562373095,TFIIB FL,data,good_condensates
14466.0,1.0,877.1564209736038,TFIIB FL,data,good_condensates
2.0,1.0,0.0,TFIIB FL,data,good_condensates
1.0,1.0,0.0,TFIIB FL,data,good_condensates
1.0,1.0,0.0,TFIIB FL,data,good_condensates
3130.0,1.0,286.75230867899734,TFIIB FL,data,good_condensates
1.0,1.0,0.0,TFIIB FL,data,good_condensates
1.0,1.0,0.0,TFIIB FL,data,good_condensates
1238.0,1.0,137.9827560572969,TFIIB FL,data,good_condensates
445.0,1.0,83.2842712474619,TFIIB FL,data,good_condensates
4.0,1.0,2.2071067811865475,TFIIB FL,data,good_condensates
1.0,1.0,0.0,TFIIB FL,data,good_condensates
1.0,1.0,0.0,TFIIB FL,data,good_condensates
237.0,1.0,67.07716446627535,TFIIB FL,data,good_condensates
1.0,1.0,0.0,TFIIB FL,data,good_condensates
1.0,1.0,0.0,TFIIB FL,data,good_condensates
1.0,1.0,0.0,TFIIB FL,data,good_condensates
1.0,1.0,0.0,TFIIB FL,data,good_condensates
1.0,1.0,0.0,TFIIB FL,data,good_condensates
1.0,1.0,0.0,TFIIB FL,data,good_condensates
4.0,1.0,2.0,TFIIB FL,data,good_condensates
1.0,1.0,0.0,TFIIB FL,data,good_condensates
8905.0,1.0,458.25588001646554,TFIIB FL,data,good_condensates
2.0,1.0,0.0,TFIIB FL,data,good_condensates
1.0,1.0,0.0,TFIIB FL,data,good_condensates
1.0,1.0,0.0,TFIIB FL,data,good_condensates
2.0,1.0,0.0,TFIIB FL,data,good_condensates
718.0,1.0,109.66904755831214,TFIIB FL,data,good_condensates
1.0,1.0,0.0,TFIIB FL,data,good_condensates
1.0,1.0,0.0,TFIIB FL,data,good_condensates
2.0,1.0,0.0,TFIIB FL,data,good_condensates
1.0,1.0,0.0,TFIIB FL,data,good_condensates
1.0,1.0,0.0,TFIIB FL,data,good_condensates
3622.0,1.0,241.2020561473032,TFIIB FL,data,good_condensates
1.0,1.0,0.0,TFIIB FL,data,good_condensates
1.0,1.0,0.0,TFIIB FL,data,good_condensates
935.0,1.0,121.46194077712559,TFIIB FL,data,good_condensates
245.0,1.0,63.4558441227157,TFIIB FL,data,good_condensates
1.0,1.0,0.0,TFIIB FL,data,good_condensates
1.0,1.0,0.0,TFIIB FL,data,good_condensates
1.0,1.0,0.0,TFIIB FL,data,good_condensates
1.0,1.0,0.0,TFIIB FL,data,good_condensates
1.0,1.0,0.0,TFIIB FL,data,good_condensates
1.0,1.0,0.0,TFIIB FL,data,good_condensates
5.0,1.0,5.621320343559642,TFIIB FL,data,good_condensates
2.0,1.0,0.0,TFIIB FL,data,good_condensates
1.0,1.0,0.0,TFIIB FL,data,good_condensates
2.0,1.0,0.0,TFIIB FL,data,good_condensates
1.0,1.0,0.0,TFIIB FL,data,good_condensates
1.0,1.0,0.0,TFIIB FL,data,good_condensates
1.0,1.0,0.0,TFIIB FL,data,good_condensates
1.0,1.0,0.0,TFIIB FL,data,good_condensates
1.0,1.0,0.0,TFIIB FL,data,good_condensates
1.0,1.0,0.0,TFIIB FL,data,good_condensates
1622.0,1.0,160.9827560572969,TFIIB FL,data,good_condensates
1.0,1.0,0.0,TFIIB FL,data,good_condensates
2.0,1.0,0.0,TFIIB FL,data,good_condensates
4.0,1.0,3.414213562373095,TFIIB FL,data,good_condensates
1387.0,1.0,144.39696961967,TFIIB FL,data,good_condensates
1316.0,1.0,145.9827560572969,TFIIB FL,data,good_condensates
663.0,1.0,101.66904755831214,TFIIB FL,data,good_condensates
1.0,1.0,0.0,TFIIB FL,data,good_condensates
1.0,1.0,0.0,TFIIB FL,data,good_condensates
2556.0,1.0,282.75840533340727,TFIIB FL,data,good_condensates
1.0,1.0,0.0,TFIIB FL,data,good_condensates
2615.0,1.0,198.92388155425118,TFIIB FL,data,good_condensates
5355.0,1.0,321.9655121145938,TFIIB FL,data,good_condensates
1.0,1.0,0.0,TFIIB FL,data,good_condensates
518.0,1.0,94.31980515339464,TFIIB FL,data,good_condensates
1.0,1.0,0.0,TFIIB FL,data,good_condensates
1987.0,1.0,176.9177848998413,TFIIB FL,data,good_condensates
1708.0,1.0,162.39696961967,TFIIB FL,data,good_condensates
1.0,1.0,0.0,TFIIB FL,data,good_condensates
5.0,1.0,5.414213562373095,TFIIB FL,data,good_condensates
716.0,1.0,103.70458146424488,TFIIB FL,data,good_condensates
837.0,1.0,117.0477272147525,TFIIB FL,data,good_condensates
32.0,1.0,21.071067811865476,TFIIB FL,data,good_condensates
136.0,1.0,48.384776310850235,TFIIB FL,data,good_condensates
1.0,1.0,0.0,TFIIB FL,data,good_condensates
1.0,1.0,0.0,TFIIB FL,data,good_condensates
1105.0,1.0,133.3259018078045,TFIIB FL,data,good_condensates
1.0,1.0,0.0,TFIIB FL,data,good_condensates
1.0,1.0,0.0,TFIIB FL,data,good_condensates
3.0,1.0,3.414213562373095,TFIIB FL,data,good_condensates
5.0,1.0,4.207106781186548,TFIIB FL,data,good_condensates
1.0,1.0,0.0,TFIIB FL,data,good_condensates
1.0,1.0,0.0,TFIIB FL,data,good_condensates
1432.0,1.0,220.15432893255073,TFIIB FL,data,good_condensates
1.0,1.0,0.0,TFIIB FL,data,good_condensates
1.0,1.0,0.0,TFIIB FL,data,good_condensates
1.0,1.0,0.0,TFIIB FL,data,good_condensates
1.0,1.0,0.0,TFIIB FL,data,good_condensates
291.0,1.0,70.04163056034261,TFIIB FL,data,good_condensates
10.0,1.0,8.828427124746192,TFIIB FL,data,good_condensates
1364.0,1.0,144.9827560572969,TFIIB FL,data,good_condensates
3.0,1.0,3.414213562373095,TFIIB FL,data,good_condensates
1.0,1.0,0.0,TFIIB FL,data,good_condensates
10888.0,1.0,588.8183258569795,TFIIB FL,data,good_condensates
1.0,1.0,0.0,TFIIB FL,data,good_condensates
1.0,1.0,0.0,TFIIB FL,data,good_condensates
1.0,1.0,0.0,TFIIB FL,data,good_condensates
1.0,1.0,0.0,TFIIB FL,data,good_condensates
329.0,1.0,72.52691193458118,TFIIB FL,data,good_condensates
6472.0,1.0,358.97160876900364,TFIIB FL,data,good_condensates
1.0,1.0,0.0,TFIIB FL,data,good_condensates
1688.0,1.0,157.46803743153546,TFIIB FL,data,good_condensates
1.0,1.0,0.0,TFIIB FL,data,good_condensates
1.0,1.0,0.0,TFIIB FL,data,good_condensates
1063.0,1.0,132.25483399593904,TFIIB FL,data,good_condensates
1.0,1.0,0.0,TFIIB FL,data,good_condensates
93.0,1.0,40.17766952966369,TFIIB FL,data,good_condensates
1942.0,1.0,173.95331880577402,TFIIB FL,data,good_condensates
264.0,1.0,68.87005768508881,TFIIB FL,data,good_condensates
1228.0,1.0,134.3259018078045,TFIIB FL,data,good_condensates
1.0,1.0,0.0,TFIIB FL,data,good_condensates
544.0,1.0,94.5269119345812,TFIIB FL,data,good_condensates
2510.0,1.0,222.1959594928933,TFIIB FL,data,good_condensates
1.0,1.0,0.0,TFIIB FL,data,good_condensates
661.0,1.0,104.84062043356595,TFIIB FL,data,good_condensates
1.0,1.0,0.0,TFIIB FL,data,good_condensates
1.0,1.0,0.0,TFIIB FL,data,good_condensates
1.0,1.0,0.0,TFIIB FL,data,good_condensates
469.0,1.0,89.2193000900063,TFIIB FL,data,good_condensates
3.0,1.0,1.0,TFIIB FL,data,good_condensates
3783.0,1.0,249.58073580374355,TFIIB FL,data,good_condensates
1.0,1.0,0.0,TFIIB FL,data,good_condensates
2.0,1.0,0.0,TFIIB FL,data,good_condensates
24.0,1.0,20.035533905932738,TFIIB FL,data,good_condensates
1.0,1.0,0.0,TFIIB FL,data,good_condensates
432.0,1.0,84.69848480983501,TFIIB FL,data,good_condensates
1.0,1.0,0.0,TFIIB FL,data,good_condensates
1.0,1.0,0.0,TFIIB FL,data,good_condensates
2897.0,1.0,214.50966799187808,TFIIB FL,data,good_condensates
1.0,1.0,0.0,TFIIB FL,data,good_condensates
76.0,1.0,36.384776310850235,TFIIB FL,data,good_condensates
1.0,1.0,0.0,TFIIB FL,data,good_condensates
1848.0,1.0,172.29646455628165,TFIIB FL,data,good_condensates
618.0,1.0,97.18376618407356,TFIIB FL,data,good_condensates
1.0,1.0,0.0,TFIIB FL,data,good_condensates
966.0,1.0,126.32590180780451,TFIIB FL,data,good_condensates
304.0,1.0,98.97056274847714,TFIIB FL,data,good_condensates
543.0,1.0,95.14823227814082,TFIIB FL,data,good_condensates
1.0,1.0,0.0,TFIIB FL,data,good_condensates
4356.0,1.0,283.651803615609,TFIIB FL,data,good_condensates
2853.0,1.0,213.88834764831842,TFIIB FL,data,good_condensates
1.0,1.0,0.0,TFIIB FL,data,good_condensates
2.0,1.0,0.0,TFIIB FL,data,good_condensates
1.0,1.0,0.0,TFIIB FL,data,good_condensates
536.0,1.0,94.14823227814082,TFIIB FL,data,good_condensates
4292.0,1.0,316.1309883354377,TFIIB FL,data,good_condensates
465.0,1.0,85.2842712474619,TFIIB FL,data,good_condensates
1.0,1.0,0.0,TFIIB FL,data,good_condensates
1650.0,1.0,161.71067811865476,TFIIB FL,data,good_condensates
1131.0,1.0,132.3259018078045,TFIIB FL,data,good_condensates
17.0,1.0,13.035533905932738,TFIIB FL,data,good_condensates
4091.0,1.0,296.7228714274745,TFIIB FL,data,good_condensates
1.0,1.0,0.0,TFIIB FL,data,good_condensates
1.0,1.0,0.0,TFIIB FL,data,good_condensates
1220.0,1.0,136.60407640085654,TFIIB FL,data,good_condensates
281.0,1.0,67.21320343559643,TFIIB FL,data,good_condensates
1.0,1.0,0.0,TFIIB FL,data,good_condensates
442.0,1.0,88.2842712474619,TFIIB FL,data,good_condensates
3.0,1.0,1.2071067811865475,TFIIB FL,data,good_condensates
6.0,1.0,6.0,TFIIB FL,data,good_condensates
1134.0,1.0,133.1543289325507,TFIIB FL,data,good_condensates
5.0,1.0,3.2071067811865475,TFIIB FL,data,good_condensates
1.0,1.0,0.0,TFIIB FL,data,good_condensates
1.0,1.0,0.0,TFIIB FL,data,good_condensates
2289.0,1.0,188.8528137423857,TFIIB FL,data,good_condensates
3.0,1.0,3.414213562373095,TFIIB FL,data,good_condensates
1.0,1.0,0.0,TFIIB FL,data,good_condensates
1.0,1.0,0.0,TFIIB FL,data,good_condensates
136.0,1.0,52.21320343559643,TFIIB FL,data,good_condensates
1559.0,1.0,155.88225099390854,TFIIB FL,data,good_condensates
1614.0,1.0,158.0538238691624,TFIIB FL,data,good_condensates
1814.0,1.0,167.05382386916236,TFIIB FL,data,good_condensates
296.0,1.0,72.4558441227157,TFIIB FL,data,good_condensates
171.0,1.0,58.798989873223334,TFIIB FL,data,good_condensates
2247.0,1.0,190.3319984622144,TFIIB FL,data,good_condensates
144.0,1.0,55.798989873223334,TFIIB FL,data,good_condensates
2.0,1.0,0.0,TFIIB FL,data,good_condensates
1.0,1.0,0.0,TFIIB FL,data,good_condensates
1.0,1.0,0.0,TFIIB FL,data,good_condensates
2140.0,1.0,181.57463914933368,TFIIB FL,data,good_condensates
1.0,1.0,0.0,TFIIB FL,data,good_condensates
1.0,1.0,0.0,TFIIB FL,data,good_condensates
21.0,1.0,17.242640687119284,TFIIB FL,data,good_condensates
1.0,1.0,0.0,TFIIB FL,data,good_condensates
1.0,1.0,0.0,TFIIB FL,data,good_condensates
1.0,1.0,0.0,TFIIB FL,data,good_condensates
4.0,1.0,3.2071067811865475,TFIIB FL,data,good_condensates
556.0,1.0,95.35533905932738,TFIIB FL,data,good_condensates
1409.0,1.0,147.05382386916236,TFIIB FL,data,good_condensates
3673.0,1.0,257.58073580374355,TFIIB FL,data,good_condensates
3298.0,1.0,255.44469683442247,TFIIB FL,data,good_condensates
1273.0,1.0,138.42640687119285,TFIIB FL,data,good_condensates
1916.0,1.0,173.88225099390854,TFIIB FL,data,good_condensates
8729.0,1.0,556.2325394193526,TFIIB FL,data,good_condensates
334.0,1.0,77.07716446627535,TFIIB FL,data,good_condensates
1289.0,1.0,142.9116882454314,TFIIB FL,data,good_condensates
1.0,1.0,0.0,TFIIB FL,data,good_condensates
3245.0,1.0,233.13098833543773,TFIIB FL,data,good_condensates
957.0,1.0,122.5685424949238,TFIIB FL,data,good_condensates
1.0,1.0,0.0,TFIIB FL,data,good_condensates
1129.0,1.0,129.84062043356593,TFIIB FL,data,good_condensates
1.0,1.0,0.0,TFIIB FL,data,good_condensates
286.0,1.0,69.38477631085024,TFIIB FL,data,good_condensates
10833.0,1.0,709.4518395093589,TFIIB FL,data,good_condensates
3106.0,1.0,225.85891039679558,TFIIB FL,data,good_condensates
123.0,1.0,45.9350288425444,TFIIB FL,data,good_condensates
258.0,1.0,65.83452377915606,TFIIB FL,data,good_condensates
1.0,1.0,0.0,TFIIB FL,data,good_condensates
1535.0,1.0,154.5035713374682,TFIIB FL,data,good_condensates
23.0,1.0,18.82842712474619,TFIIB FL,data,good_condensates
1.0,1.0,0.0,TFIIB FL,data,good_condensates
2685.0,1.0,203.36753236814712,TFIIB FL,data,good_condensates
1146.0,1.0,138.1543289325507,TFIIB FL,data,good_condensates
1.0,1.0,0.0,TFIIB FL,data,good_condensates
1.0,1.0,0.0,TFIIB FL,data,good_condensates
1.0,1.0,0.0,TFIIB FL,data,good_condensates
481.0,1.0,88.80508652763321,TFIIB FL,data,good_condensates
140.0,1.0,55.17766952966369,TFIIB FL,data,good_condensates
1.0,1.0,0.0,TFIIB FL,data,good_condensates
1.0,1.0,0.0,TFIIB FL,data,good_condensates
2.0,1.0,0.0,TFIIB FL,data,good_condensates
6.0,1.0,6.414213562373095,TFIIB FL,data,good_condensates
2916.0,1.0,215.99494936611666,TFIIB FL,data,good_condensates
3252.0,1.0,251.8589103967956,TFIIB FL,data,good_condensates
1.0,1.0,0.0,TFIIB FL,data,good_condensates
1.0,1.0,0.0,TFIIB FL,data,good_condensates
3478.0,1.0,293.34419177103416,TFIIB FL,data,good_condensates
4.0,1.0,3.2071067811865475,TFIIB FL,data,good_condensates
2.0,1.0,0.0,TFIIB FL,data,good_condensates
1.0,1.0,0.0,TFIIB FL,data,good_condensates
531.0,1.0,95.0477272147525,TFIIB FL,data,good_condensates
1.0,1.0,0.0,TFIIB FL,data,good_condensates
2.0,1.0,0.0,TFIIB FL,data,good_condensates
2.0,1.0,0.0,TFIIB FL,data,good_condensates
4756.0,1.0,292.8589103967956,TFIIB FL,data,good_condensates
1138.0,1.0,132.08326112068522,TFIIB FL,data,good_condensates
5070.0,1.0,300.5512985522207,TFIIB FL,data,good_condensates
1.0,1.0,0.0,TFIIB FL,data,good_condensates
204.0,1.0,62.7634559672906,TFIIB FL,data,good_condensates
1.0,1.0,0.0,TFIIB FL,data,good_condensates
1647.0,1.0,161.22539674441617,TFIIB FL,data,good_condensates
2.0,1.0,0.0,TFIIB FL,data,good_condensates
2.0,1.0,0.0,TFIIB FL,data,good_condensates
255.0,1.0,71.8700576850888,TFIIB FL,data,good_condensates
294.0,1.0,66.79898987322333,TFIIB FL,data,good_condensates
4.0,1.0,2.2071067811865475,TFIIB FL,data,good_condensates
173.0,1.0,58.21320343559643,TFIIB FL,data,good_condensates
1.0,1.0,0.0,TFIIB FL,data,good_condensates
445.0,1.0,85.11269837220809,TFIIB FL,data,good_condensates
1.0,1.0,0.0,TFIIB FL,data,good_condensates
1.0,1.0,0.0,TFIIB FL,data,good_condensates
574.0,1.0,95.2193000900063,TFIIB FL,data,good_condensates
1.0,1.0,0.0,TFIIB FL,data,good_condensates
1.0,1.0,0.0,TFIIB FL,data,good_condensates
15.0,1.0,12.242640687119286,TFIIB FL,data,good_condensates
2088.0,1.0,187.29646455628165,TFIIB FL,data,good_condensates
561.0,1.0,99.76955262170046,TFIIB FL,data,good_condensates
1.0,1.0,0.0,TFIIB FL,data,good_condensates
2684.0,1.0,207.88834764831842,TFIIB FL,data,good_condensates
1509.0,1.0,157.46803743153546,TFIIB FL,data,good_condensates
3.0,1.0,1.0,TFIIB FL,data,good_condensates
1.0,1.0,0.0,TFIIB FL,data,good_condensates
3415.0,1.0,236.99494936611666,TFIIB FL,data,good_condensates
2.0,1.0,0.0,TFIIB FL,data,good_condensates
8.0,1.0,6.0,TFIIB FL,data,good_condensates
3.0,1.0,3.414213562373095,TFIIB FL,data,good_condensates
3.0,1.0,1.0,TFIIB FL,data,good_condensates
1207.0,1.0,137.91168824543144,TFIIB FL,data,good_condensates
1.0,1.0,0.0,TFIIB FL,data,good_condensates
1.0,1.0,0.0,TFIIB FL,data,good_condensates
1.0,1.0,0.0,TFIIB FL,data,good_condensates
4019.0,1.0,265.6873375215418,TFIIB FL,data,good_condensates
1.0,1.0,0.0,TFIIB FL,data,good_condensates
3450.0,1.0,237.23759005323592,TFIIB FL,data,good_condensates
501.0,1.0,91.59797974644667,TFIIB FL,data,good_condensates
2699.0,1.0,205.75230867899737,TFIIB FL,data,good_condensates
3.0,1.0,1.0,TFIIB FL,data,good_condensates
686.0,1.0,105.6335136523794,TFIIB FL,data,good_condensates
1.0,1.0,0.0,TFIIB FL,data,good_condensates
365.0,1.0,78.31980515339464,TFIIB FL,data,good_condensates
8561.0,1.0,585.8244225113895,TFIIB FL,data,good_condensates
58.0,1.0,33.72792206135785,TFIIB FL,data,good_condensates
4.0,1.0,4.414213562373095,TFIIB FL,data,good_condensates
1085.0,1.0,127.87615433949868,TFIIB FL,data,good_condensates
1067.0,1.0,129.91168824543144,TFIIB FL,data,good_condensates
60.0,1.0,38.48528137423857,TFIIB FL,data,good_condensates
469.0,1.0,86.698484809835,TFIIB FL,data,good_condensates
15.0,1.0,12.414213562373096,TFIIB FL,data,good_condensates
1.0,1.0,0.0,TFIIB FL,data,good_condensates
4188.0,1.0,273.1370849898476,TFIIB FL,data,good_condensates
2464.0,1.0,217.58073580374355,TFIIB FL,data,good_condensates
3371.0,1.0,230.99494936611666,TFIIB FL,data,good_condensates
784.0,1.0,113.6335136523794,TFIIB FL,data,good_condensates
4214.0,1.0,267.8589103967956,TFIIB FL,data,good_condensates
299.0,1.0,70.2842712474619,TFIIB FL,data,good_condensates
1.0,1.0,0.0,TFIIB FL,data,good_condensates
4753.0,1.0,388.28531726798843,TFIIB FL,data,good_condensates
412.0,1.0,81.97665940288701,TFIIB FL,data,good_condensates
29.0,1.0,20.863961030678926,TFIIB FL,data,good_condensates
4.0,1.0,4.0,TFIIB FL,data,good_condensates
1.0,1.0,0.0,TFIIB FL,data,good_condensates
1048.0,1.0,128.1543289325507,TFIIB FL,data,good_condensates
3516.0,1.0,262.33809511662423,TFIIB FL,data,good_condensates
1254.0,1.0,139.9827560572969,TFIIB FL,data,good_condensates
1.0,1.0,0.0,TFIIB FL,data,good_condensates
1.0,1.0,0.0,TFIIB FL,data,good_condensates
1.0,1.0,0.0,TFIIB FL,data,good_condensates
1532.0,1.0,153.81118318204307,TFIIB FL,data,good_condensates
1644.0,1.0,157.63961030678928,TFIIB FL,data,good_condensates
1.0,1.0,0.0,TFIIB FL,data,good_condensates
1.0,1.0,0.0,TFIIB FL,data,good_condensates
1.0,1.0,0.0,TFIIB FL,data,good_condensates
1.0,1.0,0.0,TFIIB FL,data,good_condensates
932.0,1.0,120.66904755831214,TFIIB FL,data,good_condensates
2237.0,1.0,204.0893577750951,TFIIB FL,data,good_condensates
129.0,1.0,50.42031021678298,TFIIB FL,data,good_condensates
9801.0,1.0,711.3158005400378,TFIIB FL,data,good_condensates
1.0,1.0,0.0,TFIIB FL,data,good_condensates
1.0,1.0,0.0,TFIIB FL,data,good_condensates
1.0,1.0,0.0,TFIIB FL,data,good_condensates
1.0,1.0,0.0,TFIIB FL,data,good_condensates
793.0,1.0,112.25483399593904,TFIIB FL,data,good_condensates
1511.0,1.0,152.01828996322962,TFIIB FL,data,good_condensates
1.0,1.0,0.0,TFIIB FL,data,good_condensates
1.0,1.0,0.0,TFIIB FL,data,good_condensates
179.0,1.0,66.79898987322332,TFIIB FL,data,good_condensates
294.0,1.0,70.2842712474619,TFIIB FL,data,good_condensates
1.0,1.0,0.0,TFIIB FL,data,good_condensates
1.0,1.0,0.0,TFIIB FL,data,good_condensates
354.0,1.0,83.11269837220809,TFIIB FL,data,good_condensates
1.0,1.0,0.0,TFIIB FL,data,good_condensates
1.0,1.0,0.0,TFIIB FL,data,good_condensates
1.0,1.0,0.0,TFIIB FL,data,good_condensates
2.0,1.0,0.0,TFIIB FL,data,good_condensates
344.0,1.0,76.11269837220809,TFIIB FL,data,good_condensates
1.0,1.0,0.0,TFIIB FL,data,good_condensates
1.0,1.0,0.0,TFIIB FL,data,good_condensates
1.0,1.0,0.0,TFIIB FL,data,good_condensates
227.0,1.0,69.45584412271572,TFIIB FL,data,good_condensates
359.0,1.0,73.11269837220809,TFIIB FL,data,good_condensates
1.0,1.0,0.0,TFIIB FL,data,good_condensates
2136.0,1.0,190.4386001800126,TFIIB FL,data,good_condensates
792.0,1.0,113.42640687119285,TFIIB FL,data,good_condensates
361.0,1.0,76.2842712474619,TFIIB FL,data,good_condensates
364.0,1.0,94.21320343559643,TFIIB FL,data,good_condensates
2785.0,1.0,209.92388155425118,TFIIB FL,data,good_condensates
1.0,1.0,0.0,TFIIB FL,data,good_condensates
16.0,1.0,11.207106781186548,TFIIB FL,data,good_condensates
1.0,1.0,0.0,TFIIB FL,data,good_condensates
6837.0,1.0,397.62846301849606,TFIIB FL,data,good_condensates
1.0,1.0,0.0,TFIIB FL,data,good_condensates
1.0,1.0,0.0,TFIIB FL,data,good_condensates
4.0,1.0,2.0,TFIIB FL,data,good_condensates
4.0,1.0,3.2071067811865475,TFIIB FL,data,good_condensates
12.0,1.0,11.035533905932738,TFIIB FL,data,good_condensates
1.0,1.0,0.0,TFIIB FL,data,good_condensates
450.0,1.0,86.18376618407356,TFIIB FL,data,good_condensates
2.0,1.0,0.0,TFIIB FL,data,good_condensates
1.0,1.0,0.0,TFIIB FL,data,good_condensates
1.0,1.0,0.0,TFIIB FL,data,good_condensates
1.0,1.0,0.0,TFIIB FL,data,good_condensates
43.0,1.0,29.692388155425117,TFIIB FL,data,good_condensates
2.0,1.0,0.0,TFIIB FL,data,good_condensates
1.0,1.0,0.0,TFIIB FL,data,good_condensates
1.0,1.0,0.0,TFIIB FL,data,good_condensates
911.0,1.0,121.32590180780451,TFIIB FL,data,good_condensates
1.0,1.0,0.0,TFIIB FL,data,good_condensates
1.0,1.0,0.0,TFIIB FL,data,good_condensates
1.0,1.0,0.0,TFIIB FL,data,good_condensates
1.0,1.0,0.0,TFIIB FL,data,good_condensates
1.0,1.0,0.0,TFIIB FL,data,good_condensates
2.0,1.0,0.0,TFIIB FL,data,good_condensates
1.0,1.0,0.0,TFIIB FL,data,good_condensates
1.0,1.0,0.0,TFIIB FL,data,good_condensates
3172.0,1.0,226.88834764831844,TFIIB FL,data,good_condensates
1.0,1.0,0.0,TFIIB FL,data,good_condensates
1.0,1.0,0.0,TFIIB FL,data,good_condensates
2.0,1.0,0.0,TFIIB FL,data,good_condensates
835.0,1.0,120.46194077712559,TFIIB FL,data,good_condensates
1.0,1.0,0.0,TFIIB FL,data,good_condensates
1.0,1.0,0.0,TFIIB FL,data,good_condensates
13075.0,1.0,745.9432175380073,TFIIB FL,data,good_condensates
1.0,1.0,0.0,TFIIB FL,data,good_condensates
4.0,1.0,3.2071067811865475,TFIIB FL,data,good_condensates
2.0,1.0,0.0,TFIIB FL,data,good_condensates
1.0,1.0,0.0,TFIIB FL,data,good_condensates
900.0,1.0,118.08326112068522,TFIIB FL,data,good_condensates
4.0,1.0,3.2071067811865475,TFIIB FL,data,good_condensates
643.0,1.0,102.63351365237939,TFIIB FL,data,good_condensates
1.0,1.0,0.0,TFIIB FL,data,good_condensates
1.0,1.0,0.0,TFIIB FL,data,good_condensates
1.0,1.0,0.0,TFIIB FL,data,good_condensates
1.0,1.0,0.0,TFIIB FL,data,good_condensates
3091.0,1.0,219.88834764831844,TFIIB FL,data,good_condensates
1.0,1.0,0.0,TFIIB FL,data,good_condensates
251.0,1.0,65.21320343559643,TFIIB FL,data,good_condensates
3.0,1.0,1.0,TFIIB FL,data,good_condensates
1.0,1.0,0.0,TFIIB FL,data,good_condensates
4.0,1.0,3.2071067811865475,TFIIB FL,data,good_condensates
1.0,1.0,0.0,TFIIB FL,data,good_condensates
1.0,1.0,0.0,TFIIB FL,data,good_condensates
1.0,1.0,0.0,TFIIB FL,data,good_condensates
111.0,1.0,40.384776310850235,TFIIB FL,data,good_condensates
1.0,1.0,0.0,TFIIB FL,data,good_condensates
1603.0,1.0,160.81118318204307,TFIIB FL,data,good_condensates
1280.0,1.0,140.9827560572969,TFIIB FL,data,good_condensates
151.0,1.0,50.72792206135786,TFIIB FL,data,good_condensates
165.0,1.0,53.384776310850235,TFIIB FL,data,good_condensates
2.0,1.0,0.0,TFIIB FL,data,good_condensates
4060.0,1.0,262.3086578651014,TFIIB FL,data,good_condensates
73.0,1.0,39.55634918610404,TFIIB FL,data,good_condensates
2481.0,1.0,196.0538238691624,TFIIB FL,data,good_condensates
3720.0,1.0,254.65180361560905,TFIIB FL,data,good_condensates
1.0,1.0,0.0,TFIIB FL,data,good_condensates
2.0,1.0,0.0,TFIIB FL,data,good_condensates
4697.0,1.0,291.2020561473032,TFIIB FL,data,good_condensates
207.0,1.0,59.834523779156065,TFIIB FL,data,good_condensates
112.0,1.0,46.17766952966369,TFIIB FL,data,good_condensates
1035.0,1.0,127.15432893255073,TFIIB FL,data,good_condensates
1035.0,1.0,126.98275605729691,TFIIB FL,data,good_condensates
1.0,1.0,0.0,TFIIB FL,data,good_condensates
1.0,1.0,0.0,TFIIB FL,data,good_condensates
5118.0,1.0,343.6579002700189,TFIIB FL,data,good_condensates
2964.0,1.0,233.13098833543773,TFIIB FL,data,good_condensates
261.0,1.0,67.00609665440987,TFIIB FL,data,good_condensates
3155.0,1.0,233.03048327204937,TFIIB FL,data,good_condensates
1419.0,1.0,148.9827560572969,TFIIB FL,data,good_condensates
1093.0,1.0,133.11879502661796,TFIIB FL,data,good_condensates
3614.0,1.0,243.40916292848976,TFIIB FL,data,good_condensates
86.0,1.0,48.17766952966369,TFIIB FL,data,good_condensates
412.0,1.0,84.14823227814082,TFIIB FL,data,good_condensates
1.0,1.0,0.0,TFIIB FL,data,good_condensates
1.0,1.0,0.0,TFIIB FL,data,good_condensates
1.0,1.0,0.0,TFIIB FL,data,good_condensates
584.0,1.0,98.76955262170046,TFIIB FL,data,good_condensates
7.0,1.0,6.414213562373095,TFIIB FL,data,good_condensates
585.0,1.0,98.18376618407356,TFIIB FL,data,good_condensates
29.0,1.0,24.621320343559642,TFIIB FL,data,good_condensates
1.0,1.0,0.0,TFIIB FL,data,good_condensates
1.0,1.0,0.0,TFIIB FL,data,good_condensates
596.0,1.0,97.01219330881975,TFIIB FL,data,good_condensates
1.0,1.0,0.0,TFIIB FL,data,good_condensates
1.0,1.0,0.0,TFIIB FL,data,good_condensates
631.0,1.0,96.76955262170047,TFIIB FL,data,good_condensates
6.0,1.0,4.207106781186548,TFIIB FL,data,good_condensates
777.0,1.0,108.42640687119285,TFIIB FL,data,good_condensates
5244.0,1.0,351.1787155501902,TFIIB FL,data,good_condensates
3.0,1.0,1.0,TFIIB FL,data,good_condensates
8253.0,1.0,603.4102089490164,TFIIB FL,data,good_condensates
1.0,1.0,0.0,TFIIB FL,data,good_condensates
1.0,1.0,0.0,TFIIB FL,data,good_condensates
533.0,1.0,91.56244584051392,TFIIB FL,data,good_condensates
2.0,1.0,0.0,TFIIB FL,data,good_condensates
1.0,1.0,0.0,TFIIB FL,data,good_condensates
1.0,1.0,0.0,TFIIB FL,data,good_condensates
1.0,1.0,0.0,TFIIB FL,data,good_condensates
1.0,1.0,0.0,TFIIB FL,data,good_condensates
1627.0,1.0,161.0893577750951,TFIIB FL,data,good_condensates
2.0,1.0,0.0,TFIIB FL,data,good_condensates
251.0,1.0,65.31980515339464,TFIIB FL,data,good_condensates
1.0,1.0,0.0,TFIIB FL,data,good_condensates
1.0,1.0,0.0,TFIIB FL,data,good_condensates
3119.0,1.0,243.64570696119915,TFIIB FL,data,good_condensates
1.0,1.0,0.0,TFIIB FL,data,good_condensates
1394.0,1.0,179.05382386916236,TFIIB FL,data,good_condensates
2284.0,1.0,199.88834764831844,TFIIB FL,data,good_condensates
2.0,1.0,0.0,TFIIB FL,data,good_condensates
1.0,1.0,0.0,TFIIB FL,data,good_condensates
1.0,1.0,0.0,TFIIB FL,data,good_condensates
1.0,1.0,0.0,TFIIB FL,data,good_condensates
2955.0,1.0,298.373629022557,TFIIB FL,data,good_condensates
35.0,1.0,23.692388155425114,TFIIB FL,data,good_condensates
1.0,1.0,0.0,TFIIB FL,data,good_condensates
2.0,1.0,0.0,TFIIB FL,data,good_condensates
1.0,1.0,0.0,TFIIB FL,data,good_condensates
892.0,1.0,116.66904755831213,TFIIB FL,data,good_condensates
1983.0,1.0,179.12489168102783,TFIIB FL,data,good_condensates
1.0,1.0,0.0,TFIIB FL,data,good_condensates
1.0,1.0,0.0,TFIIB FL,data,good_condensates
6025.0,1.0,376.4213562373095,TFIIB FL,data,good_condensates
2.0,1.0,0.0,TFIIB FL,data,good_condensates
1.0,1.0,0.0,TFIIB FL,data,good_condensates
1.0,1.0,0.0,TFIIB FL,data,good_condensates
1.0,1.0,0.0,TFIIB FL,data,good_condensates
2835.0,1.0,218.92388155425118,TFIIB FL,data,good_condensates
2.0,1.0,0.0,TFIIB FL,data,good_condensates
1.0,1.0,0.0,TFIIB FL,data,good_condensates
1.0,1.0,0.0,TFIIB FL,data,good_condensates
4320.0,1.0,297.8944443027283,TFIIB FL,data,good_condensates
1.0,1.0,0.0,TFIIB FL,data,good_condensates
6.0,1.0,5.414213562373095,TFIIB FL,data,good_condensates
1.0,1.0,0.0,TFIIB FL,data,good_condensates
1306.0,1.0,150.2193000900063,TFIIB FL,data,good_condensates
7.0,1.0,6.414213562373095,TFIIB FL,data,good_condensates
1.0,1.0,0.0,TFIIB FL,data,good_condensates
1.0,1.0,0.0,TFIIB FL,data,good_condensates
1.0,1.0,0.0,TFIIB FL,data,good_condensates
1.0,1.0,0.0,TFIIB FL,data,good_condensates
1369.0,1.0,147.77564927611036,TFIIB FL,data,good_condensates
2.0,1.0,0.0,TFIIB FL,data,good_condensates
1.0,1.0,0.0,TFIIB FL,data,good_condensates
1.0,1.0,0.0,TFIIB FL,data,good_condensates
1.0,1.0,0.0,TFIIB FL,data,good_condensates
1.0,1.0,0.0,TFIIB FL,data,good_condensates
335.0,1.0,77.42031021678298,TFIIB FL,data,good_condensates
4.0,1.0,3.2071067811865475,TFIIB FL,data,good_condensates
1.0,1.0,0.0,TFIIB FL,data,good_condensates
1.0,1.0,0.0,TFIIB FL,data,good_condensates
1.0,1.0,0.0,TFIIB FL,data,good_condensates
1.0,1.0,0.0,TFIIB FL,data,good_condensates
1.0,1.0,0.0,TFIIB FL,data,good_condensates
3.0,1.0,1.0,TFIIB FL,data,good_condensates
4.0,1.0,4.621320343559642,TFIIB FL,data,good_condensates
3.0,1.0,1.0,TFIIB FL,data,good_condensates
722.0,1.0,108.35533905932738,TFIIB FL,data,good_condensates
1218.0,1.0,137.39696961967,TFIIB FL,data,good_condensates
1.0,1.0,0.0,TFIIB FL,data,good_condensates
3.0,1.0,1.2071067811865475,TFIIB FL,data,good_condensates
1.0,1.0,0.0,TFIIB FL,data,good_condensates
2.0,1.0,0.0,TFIIB FL,data,good_condensates
1.0,1.0,0.0,TFIIB FL,data,good_condensates
94.0,1.0,39.55634918610404,TFIIB FL,data,good_condensates
1.0,1.0,0.0,TFIIB FL,data,good_condensates
5.0,1.0,5.207106781186548,TFIIB FL,data,good_condensates
1.0,1.0,0.0,TFIIB FL,data,good_condensates
3.0,1.0,1.2071067811865475,TFIIB FL,data,good_condensates
1.0,1.0,0.0,TFIIB FL,data,good_condensates
1.0,1.0,0.0,TFIIB FL,data,good_condensates
1.0,1.0,0.0,TFIIB FL,data,good_condensates
1.0,1.0,0.0,TFIIB FL,data,good_condensates
1.0,1.0,0.0,TFIIB FL,data,good_condensates
2843.0,1.0,227.81727983645297,TFIIB FL,data,good_condensates
32368.0,1.0,1811.3006486383877,TFIIB FL,data,good_condensates
1.0,1.0,0.0,TFIIB FL,data,good_condensates
201.0,1.0,56.62741699796952,TFIIB FL,data,good_condensates
1.0,1.0,0.0,TFIIB FL,data,good_condensates
1.0,1.0,0.0,TFIIB FL,data,good_condensates
2.0,1.0,0.0,TFIIB FL,data,good_condensates
1.0,1.0,0.0,TFIIB FL,data,good_condensates
10245.0,1.0,623.9959953866432,TFIIB FL,data,good_condensates
1.0,1.0,0.0,TFIIB FL,data,good_condensates
1.0,1.0,0.0,TFIIB FL,data,good_condensates
1.0,1.0,0.0,TFIIB FL,data,good_condensates
1.0,1.0,0.0,TFIIB FL,data,good_condensates
1.0,1.0,0.0,TFIIB FL,data,good_condensates
5.0,1.0,5.207106781186548,TFIIB FL,data,good_condensates
2.0,1.0,0.0,TFIIB FL,data,good_condensates
1.0,1.0,0.0,TFIIB FL,data,good_condensates
1.0,1.0,0.0,TFIIB FL,data,good_condensates
1.0,1.0,0.0,TFIIB FL,data,good_condensates
1.0,1.0,0.0,TFIIB FL,data,good_condensates
2.0,1.0,0.0,TFIIB FL,data,good_condensates
5602.0,1.0,343.9005409571382,TFIIB FL,data,good_condensates
4.0,1.0,2.2071067811865475,TFIIB FL,data,good_condensates
1.0,1.0,0.0,TFIIB FL,data,good_condensates
2117.0,1.0,179.36753236814712,TFIIB FL,data,good_condensates
1.0,1.0,0.0,TFIIB FL,data,good_condensates
1.0,1.0,0.0,TFIIB FL,data,good_condensates
1.0,1.0,0.0,TFIIB FL,data,good_condensates
1.0,1.0,0.0,TFIIB FL,data,good_condensates
1.0,1.0,0.0,TFIIB FL,data,good_condensates
1438.0,1.0,173.12489168102786,TFIIB FL,data,good_condensates
1.0,1.0,0.0,TFIIB FL,data,good_condensates
1.0,1.0,0.0,TFIIB FL,data,good_condensates
12.0,1.0,12.621320343559642,TFIIB FL,data,good_condensates
3.0,1.0,1.0,TFIIB FL,data,good_condensates
2.0,1.0,0.0,TFIIB FL,data,good_condensates
1.0,1.0,0.0,TFIIB FL,data,good_condensates
1.0,1.0,0.0,TFIIB FL,data,good_condensates
1.0,1.0,0.0,TFIIB FL,data,good_condensates
1.0,1.0,0.0,TFIIB FL,data,good_condensates
1.0,1.0,0.0,TFIIB FL,data,good_condensates
4.0,1.0,2.2071067811865475,TFIIB FL,data,good_condensates
1.0,1.0,0.0,TFIIB FL,data,good_condensates
1.0,1.0,0.0,TFIIB FL,data,good_condensates
7080.0,1.0,408.35028842544403,TFIIB FL,data,good_condensates
1.0,1.0,0.0,TFIIB FL,data,good_condensates
1.0,1.0,0.0,TFIIB FL,data,good_condensates
5.0,1.0,5.207106781186548,TFIIB FL,data,good_condensates
1.0,1.0,0.0,TFIIB FL,data,good_condensates
1.0,1.0,0.0,TFIIB FL,data,good_condensates
1.0,1.0,0.0,TFIIB FL,data,good_condensates
125.0,1.0,44.48528137423857,TFIIB FL,data,good_condensates
4.0,1.0,3.2071067811865475,TFIIB FL,data,good_condensates
1.0,1.0,0.0,TFIIB FL,data,good_condensates
1.0,1.0,0.0,TFIIB FL,data,good_condensates
2.0,1.0,0.0,TFIIB FL,data,good_condensates
1.0,1.0,0.0,TFIIB FL,data,good_condensates
6.0,1.0,5.621320343559642,TFIIB FL,data,good_condensates
1.0,1.0,0.0,TFIIB FL,data,good_condensates
3.0,1.0,1.0,TFIIB FL,data,good_condensates
3108.0,1.0,269.61626970967626,TFIIB FL,data,good_condensates
6.0,1.0,4.0,TFIIB FL,data,good_condensates
1.0,1.0,0.0,TFIIB FL,data,good_condensates
1.0,1.0,0.0,TFIIB FL,data,good_condensates
1.0,1.0,0.0,TFIIB FL,data,good_condensates
1.0,1.0,0.0,TFIIB FL,data,good_condensates
78.0,1.0,50.44974746830583,TFIIB FL,data,good_condensates
1.0,1.0,0.0,TFIIB FL,data,good_condensates
925.0,1.0,120.66904755831213,TFIIB FL,data,good_condensates
1265.0,1.0,141.39696961967,TFIIB FL,data,good_condensates
1.0,1.0,0.0,TFIIB FL,data,good_condensates
2.0,1.0,0.0,TFIIB FL,data,good_condensates
1.0,1.0,0.0,TFIIB FL,data,good_condensates
250.0,1.0,65.79898987322333,TFIIB FL,data,good_condensates
1.0,1.0,0.0,TFIIB FL,data,good_condensates
241.0,1.0,66.42031021678297,TFIIB FL,data,good_condensates
356.0,1.0,75.8700576850888,TFIIB FL,data,good_condensates
1.0,1.0,0.0,TFIIB FL,data,good_condensates
1353.0,1.0,150.29646455628165,TFIIB FL,data,good_condensates
1.0,1.0,0.0,TFIIB FL,data,good_condensates
2.0,1.0,0.0,TFIIB FL,data,good_condensates
1.0,1.0,0.0,TFIIB FL,data,good_condensates
1.0,1.0,0.0,TFIIB FL,data,good_condensates
2.0,1.0,0.0,TFIIB FL,data,good_condensates
1.0,1.0,0.0,TFIIB FL,data,good_condensates
1.0,1.0,0.0,TFIIB FL,data,good_condensates
1.0,1.0,0.0,TFIIB FL,data,good_condensates
1.0,1.0,0.0,TFIIB FL,data,good_condensates
1.0,1.0,0.0,TFIIB FL,data,good_condensates
693.0,1.0,106.6335136523794,TFIIB FL,data,good_condensates
1.0,1.0,0.0,TFIIB FL,data,good_condensates
2148.0,1.0,186.5035713374682,TFIIB FL,data,good_condensates
1.0,1.0,0.0,TFIIB FL,data,good_condensates
1.0,1.0,0.0,TFIIB FL,data,good_condensates
5468.0,1.0,390.56349186104046,TFIIB FL,data,good_condensates
1.0,1.0,0.0,TFIIB FL,data,good_condensates
1.0,1.0,0.0,TFIIB FL,data,good_condensates
44.0,1.0,28.071067811865476,TFIIB FL,data,good_condensates
1.0,1.0,0.0,TFIIB FL,data,good_condensates
3.0,1.0,3.414213562373095,TFIIB FL,data,good_condensates
3.0,1.0,1.0,TFIIB FL,data,good_condensates
1.0,1.0,0.0,TFIIB FL,data,good_condensates
44.0,1.0,27.27817459305202,TFIIB FL,data,good_condensates
1.0,1.0,0.0,TFIIB FL,data,good_condensates
1.0,1.0,0.0,TFIIB FL,data,good_condensates
1.0,1.0,0.0,TFIIB FL,data,good_condensates
6039.0,1.0,408.9421715174808,TFIIB FL,data,good_condensates
2.0,1.0,0.0,TFIIB FL,data,good_condensates
2.0,1.0,0.0,TFIIB FL,data,good_condensates
48.0,1.0,32.48528137423857,TFIIB FL,data,good_condensates
2.0,1.0,0.0,TFIIB FL,data,good_condensates
4.0,1.0,2.414213562373095,TFIIB FL,data,good_condensates
1.0,1.0,0.0,TFIIB FL,data,good_condensates
1.0,1.0,0.0,TFIIB FL,data,good_condensates
1.0,1.0,0.0,TFIIB FL,data,good_condensates
1.0,1.0,0.0,TFIIB FL,data,good_condensates
367.0,1.0,80.5269119345812,TFIIB FL,data,good_condensates
1.0,1.0,0.0,TFIIB FL,data,good_condensates
5112.0,1.0,290.10155108391484,TFIIB FL,data,good_condensates
2.0,1.0,0.0,TFIIB FL,data,good_condensates
1.0,1.0,0.0,TFIIB FL,data,good_condensates
1.0,1.0,0.0,TFIIB FL,data,good_condensates
3.0,1.0,1.0,TFIIB FL,data,good_condensates
971.0,1.0,171.73401871576775,TFIIB FL,data,good_condensates
256.0,1.0,64.45584412271572,TFIIB FL,data,good_condensates
1.0,1.0,0.0,TFIIB FL,data,good_condensates
2.0,1.0,0.0,TFIIB FL,data,good_condensates
1.0,1.0,0.0,TFIIB FL,data,good_condensates
1.0,1.0,0.0,TFIIB FL,data,good_condensates
191.0,1.0,57.9350288425444,TFIIB FL,data,good_condensates
95.0,1.0,37.31370849898477,TFIIB FL,data,good_condensates
2.0,1.0,0.0,TFIIB FL,data,good_condensates
3.0,1.0,1.4142135623730951,TFIIB FL,data,good_condensates
1.0,1.0,0.0,TFIIB FL,data,good_condensates
2109.0,1.0,189.57463914933368,TFIIB FL,data,good_condensates
4.0,1.0,2.2071067811865475,TFIIB FL,data,good_condensates
10.0,1.0,8.414213562373096,TFIIB FL,data,good_condensates
304.0,1.0,73.07716446627535,TFIIB FL,data,good_condensates
1.0,1.0,0.0,TFIIB FL,data,good_condensates
1.0,1.0,0.0,TFIIB FL,data,good_condensates
4.0,1.0,2.414213562373095,TFIIB FL,data,good_condensates
1.0,1.0,0.0,TFIIB FL,data,good_condensates
101.0,1.0,54.384776310850235,TFIIB FL,data,good_condensates
1.0,1.0,0.0,TFIIB FL,data,good_condensates
1.0,1.0,0.0,TFIIB FL,data,good_condensates
1.0,1.0,0.0,TFIIB FL,data,good_condensates
1.0,1.0,0.0,TFIIB FL,data,good_condensates
411.0,1.0,83.31980515339464,TFIIB FL,data,good_condensates
1.0,1.0,0.0,TFIIB FL,data,good_condensates
1.0,1.0,0.0,TFIIB FL,data,good_condensates
1.0,1.0,0.0,TFIIB FL,data,good_condensates
25.0,1.0,18.242640687119284,TFIIB FL,data,good_condensates
1.0,1.0,0.0,TFIIB FL,data,good_condensates
1.0,1.0,0.0,TFIIB FL,data,good_condensates
1.0,1.0,0.0,TFIIB FL,data,good_condensates
246.0,1.0,62.420310216782966,TFIIB FL,data,good_condensates
1.0,1.0,0.0,TFIIB FL,data,good_condensates
1.0,1.0,0.0,TFIIB FL,data,good_condensates
1.0,1.0,0.0,TFIIB FL,data,good_condensates
1.0,1.0,0.0,TFIIB FL,data,good_condensates
1417.0,1.0,146.5685424949238,TFIIB FL,data,good_condensates
1.0,1.0,0.0,TFIIB FL,data,good_condensates
1.0,1.0,0.0,TFIIB FL,data,good_condensates
2.0,1.0,0.0,TFIIB FL,data,good_condensates
14.0,1.0,11.65685424949238,TFIIB FL,data,good_condensates
1.0,1.0,0.0,TFIIB FL,data,good_condensates
1.0,1.0,0.0,TFIIB FL,data,good_condensates
1.0,1.0,0.0,TFIIB FL,data,good_condensates
3381.0,1.0,260.4446968344225,TFIIB FL,data,good_condensates
1.0,1.0,0.0,TFIIB FL,data,good_condensates
703.0,1.0,108.56244584051392,TFIIB FL,data,good_condensates
1.0,1.0,0.0,TFIIB FL,data,good_condensates
1.0,1.0,0.0,TFIIB FL,data,good_condensates
1.0,1.0,0.0,TFIIB FL,data,good_condensates
1.0,1.0,0.0,TFIIB FL,data,good_condensates
1.0,1.0,0.0,TFIIB FL,data,good_condensates
4.0,1.0,3.414213562373095,TFIIB FL,data,good_condensates
1.0,1.0,0.0,TFIIB FL,data,good_condensates
1.0,1.0,0.0,TFIIB FL,data,good_condensates
1.0,1.0,0.0,TFIIB FL,data,good_condensates
1.0,1.0,0.0,TFIIB FL,data,good_condensates
3.0,1.0,1.2071067811865475,TFIIB FL,data,good_condensates
1.0,1.0,0.0,TFIIB FL,data,good_condensates
1.0,1.0,0.0,TFIIB FL,data,good_condensates
1283.0,1.0,142.1543289325507,TFIIB FL,data,good_condensates
8.0,1.0,7.0,TFIIB FL,data,good_condensates
1.0,1.0,0.0,TFIIB FL,data,good_condensates
1.0,1.0,0.0,TFIIB FL,data,good_condensates
11.0,1.0,9.207106781186548,TFIIB FL,data,good_condensates
1.0,1.0,0.0,TFIIB FL,data,good_condensates
1.0,1.0,0.0,TFIIB FL,data,good_condensates
1.0,1.0,0.0,TFIIB FL,data,good_condensates
1.0,1.0,0.0,TFIIB FL,data,good_condensates
3.0,1.0,1.0,TFIIB FL,data,good_condensates
1.0,1.0,0.0,TFIIB FL,data,good_condensates
1.0,1.0,0.0,TFIIB FL,data,good_condensates
762.0,1.0,113.91168824543142,TFIIB FL,data,good_condensates
1.0,1.0,0.0,TFIIB FL,data,good_condensates
1.0,1.0,0.0,TFIIB FL,data,good_condensates
2.0,1.0,0.0,TFIIB FL,data,good_condensates
2.0,1.0,0.0,TFIIB FL,data,good_condensates
1.0,1.0,0.0,TFIIB FL,data,good_condensates
1.0,1.0,0.0,TFIIB FL,data,good_condensates
96.0,1.0,38.520815280171306,TFIIB FL,data,good_condensates
2.0,1.0,0.0,TFIIB FL,data,good_condensates
1.0,1.0,0.0,TFIIB FL,data,good_condensates
1.0,1.0,0.0,TFIIB FL,data,good_condensates
1.0,1.0,0.0,TFIIB FL,data,good_condensates
1.0,1.0,0.0,TFIIB FL,data,good_condensates
1.0,1.0,0.0,TFIIB FL,data,good_condensates
1.0,1.0,0.0,TFIIB FL,data,good_condensates
3.0,1.0,3.414213562373095,TFIIB FL,data,good_condensates
918.0,1.0,120.04772721475248,TFIIB FL,data,good_condensates
455.0,1.0,87.73401871576772,TFIIB FL,data,good_condensates
2.0,1.0,0.0,TFIIB FL,data,good_condensates
1261.0,1.0,204.59797974644664,TFIIB FL,data,good_condensates
2382.0,1.0,192.98885271170678,TFIIB FL,data,good_condensates
1.0,1.0,0.0,TFIIB FL,data,good_condensates
147.0,1.0,58.7634559672906,TFIIB FL,data,good_condensates
1.0,1.0,0.0,TFIIB FL,data,good_condensates
1.0,1.0,0.0,TFIIB FL,data,good_condensates
1.0,1.0,0.0,TFIIB FL,data,good_condensates
1.0,1.0,0.0,TFIIB FL,data,good_condensates
1.0,1.0,0.0,TFIIB FL,data,good_condensates
3962.0,1.0,364.1787155501902,TFIIB FL,data,good_condensates
2.0,1.0,0.0,TFIIB FL,data,good_condensates
3.0,1.0,1.4142135623730951,TFIIB FL,data,good_condensates
11237.0,1.0,695.7655480083437,TFIIB FL,data,good_condensates
2202.0,1.0,189.23149339882605,TFIIB FL,data,good_condensates
1.0,1.0,0.0,TFIIB FL,data,good_condensates
2650.0,1.0,246.82337649086284,TFIIB FL,data,good_condensates
5.0,1.0,4.414213562373095,TFIIB FL,data,good_condensates
1.0,1.0,0.0,TFIIB FL,data,good_condensates
1.0,1.0,0.0,TFIIB FL,data,good_condensates
1.0,1.0,0.0,TFIIB FL,data,good_condensates
288.0,1.0,120.94112549695427,TFIIB FL,data,good_condensates
1.0,1.0,0.0,TFIIB FL,data,good_condensates
10216.0,1.0,660.9310242291876,TFIIB FL,data,good_condensates
2.0,1.0,0.0,TFIIB FL,data,good_condensates
1.0,1.0,0.0,TFIIB FL,data,good_condensates
1197.0,1.0,162.0477272147525,TFIIB FL,data,good_condensates
29.0,1.0,19.035533905932738,TFIIB FL,data,good_condensates
1.0,1.0,0.0,TFIIB FL,data,good_condensates
31.0,1.0,26.035533905932738,TFIIB FL,data,good_condensates
1.0,1.0,0.0,TFIIB FL,data,good_condensates
1.0,1.0,0.0,TFIIB FL,data,good_condensates
1.0,1.0,0.0,TFIIB FL,data,good_condensates
1.0,1.0,0.0,TFIIB FL,data,good_condensates
1.0,1.0,0.0,TFIIB FL,data,good_condensates
494.0,1.0,91.76955262170046,TFIIB FL,data,good_condensates
1.0,1.0,0.0,TFIIB FL,data,good_condensates
1.0,1.0,0.0,TFIIB FL,data,good_condensates
2.0,1.0,0.0,TFIIB FL,data,good_condensates
1.0,1.0,0.0,TFIIB FL,data,good_condensates
1.0,1.0,0.0,TFIIB FL,data,good_condensates
1.0,1.0,0.0,TFIIB FL,data,good_condensates
1.0,1.0,0.0,TFIIB FL,data,good_condensates
1.0,1.0,0.0,TFIIB FL,data,good_condensates
1.0,1.0,0.0,TFIIB FL,data,good_condensates
17936.0,1.0,810.5706345359769,TFIIB FL,data,good_condensates
1.0,1.0,0.0,TFIIB FL,data,good_condensates
1.0,1.0,0.0,TFIIB FL,data,good_condensates
1.0,1.0,0.0,TFIIB FL,data,good_condensates
1.0,1.0,0.0,TFIIB FL,data,good_condensates
1.0,1.0,0.0,TFIIB FL,data,good_condensates
1.0,1.0,0.0,TFIIB FL,data,good_condensates
1.0,1.0,0.0,TFIIB FL,data,good_condensates
1.0,1.0,0.0,TFIIB FL,data,good_condensates
1.0,1.0,0.0,TFIIB FL,data,good_condensates
1.0,1.0,0.0,TFIIB FL,data,good_condensates
1.0,1.0,0.0,TFIIB FL,data,good_condensates
1.0,1.0,0.0,TFIIB FL,data,good_condensates
1.0,1.0,0.0,TFIIB FL,data,good_condensates
820.0,1.0,117.31980515339464,TFIIB FL,data,good_condensates
1.0,1.0,0.0,TFIIB FL,data,good_condensates
3.0,1.0,1.0,TFIIB FL,data,good_condensates
3.0,1.0,3.414213562373095,TFIIB FL,data,good_condensates
1.0,1.0,0.0,TFIIB FL,data,good_condensates
1.0,1.0,0.0,TFIIB FL,data,good_condensates
6505.0,1.0,366.35028842544403,TFIIB FL,data,good_condensates
4.0,1.0,4.621320343559642,TFIIB FL,data,good_condensates
6.0,1.0,3.0,TFIIB FL,data,good_condensates
1937.0,1.0,182.46803743153546,TFIIB FL,data,good_condensates
10.0,1.0,7.035533905932738,TFIIB FL,data,good_condensates
1.0,1.0,0.0,TFIIB FL,data,good_condensates
1.0,1.0,0.0,TFIIB FL,data,good_condensates
1.0,1.0,0.0,TFIIB FL,data,good_condensates
1.0,1.0,0.0,TFIIB FL,data,good_condensates
1490.0,1.0,156.3259018078045,TFIIB FL,data,good_condensates
18.0,1.0,14.242640687119284,TFIIB FL,data,good_condensates
2.0,1.0,0.0,TFIIB FL,data,good_condensates
1.0,1.0,0.0,TFIIB FL,data,good_condensates
1.0,1.0,0.0,TFIIB FL,data,good_condensates
1.0,1.0,0.0,TFIIB FL,data,good_condensates
1437.0,1.0,149.88225099390857,TFIIB FL,data,good_condensates
23.0,1.0,16.207106781186546,TFIIB FL,data,good_condensates
1.0,1.0,0.0,TFIIB FL,data,good_condensates
1.0,1.0,0.0,TFIIB FL,data,good_condensates
6.0,1.0,5.449747468305834,TFIIB FL,data,good_condensates
155.0,1.0,49.384776310850235,TFIIB FL,data,good_condensates
1.0,1.0,0.0,TFIIB FL,data,good_condensates
1.0,1.0,0.0,TFIIB FL,data,good_condensates
1.0,1.0,0.0,TFIIB FL,data,good_condensates
18211.0,1.0,898.5056633785214,TFIIB FL,data,good_condensates
1.0,1.0,0.0,TFIIB FL,data,good_condensates
5733.0,1.0,369.9655121145938,TFIIB FL,data,good_condensates
2.0,1.0,0.0,TFIIB FL,data,good_condensates
732.0,1.0,109.87615433949868,TFIIB FL,data,good_condensates
1.0,1.0,0.0,TFIIB FL,data,good_condensates
5.0,1.0,4.414213562373095,TFIIB FL,data,good_condensates
1.0,1.0,0.0,TFIIB FL,data,good_condensates
1.0,1.0,0.0,TFIIB FL,data,good_condensates
71.0,1.0,34.48528137423857,TFIIB FL,data,good_condensates
1.0,1.0,0.0,TFIIB FL,data,good_condensates
1.0,1.0,0.0,TFIIB FL,data,good_condensates
1.0,1.0,0.0,TFIIB FL,data,good_condensates
1733.0,1.0,169.81727983645294,TFIIB FL,data,good_condensates
1.0,1.0,0.0,TFIIB FL,data,good_condensates
1.0,1.0,0.0,TFIIB FL,data,good_condensates
1.0,1.0,0.0,TFIIB FL,data,good_condensates
1.0,1.0,0.0,TFIIB FL,data,good_condensates
1.0,1.0,0.0,TFIIB FL,data,good_condensates
1.0,1.0,0.0,TFIIB FL,data,good_condensates
7023.0,1.0,497.14927829866735,TFIIB FL,data,good_condensates
2.0,1.0,0.0,TFIIB FL,data,good_condensates
1.0,1.0,0.0,TFIIB FL,data,good_condensates
979.0,1.0,143.7401153701776,TFIIB FL,data,good_condensates
2249.0,1.0,189.88834764831842,TFIIB FL,data,good_condensates
1.0,1.0,0.0,TFIIB FL,data,good_condensates
2.0,1.0,0.0,TFIIB FL,data,good_condensates
1.0,1.0,0.0,TFIIB FL,data,good_condensates
1.0,1.0,0.0,TFIIB FL,data,good_condensates
1.0,1.0,0.0,TFIIB FL,data,good_condensates
1445.0,1.0,150.43250352560273,TFIIB FL,data,good_condensates
1.0,1.0,0.0,TFIIB FL,data,good_condensates
6101.0,1.0,458.0782104868019,TFIIB FL,data,good_condensates
1.0,1.0,0.0,TFIIB FL,data,good_condensates
1.0,1.0,0.0,TFIIB FL,data,good_condensates
1.0,1.0,0.0,TFIIB FL,data,good_condensates
1.0,1.0,0.0,TFIIB FL,data,good_condensates
3571.0,1.0,242.7228714274745,TFIIB FL,data,good_condensates
1.0,1.0,0.0,TFIIB FL,data,good_condensates
1.0,1.0,0.0,TFIIB FL,data,good_condensates
1.0,1.0,0.0,TFIIB FL,data,good_condensates
1.0,1.0,0.0,TFIIB FL,data,good_condensates
2129.0,1.0,227.2670273047588,TFIIB FL,data,good_condensates
1.0,1.0,0.0,TFIIB FL,data,good_condensates
1061.0,1.0,130.74011537017762,TFIIB FL,data,good_condensates
1.0,1.0,0.0,TFIIB FL,data,good_condensates
1.0,1.0,0.0,TFIIB FL,data,good_condensates
47.0,1.0,32.65685424949238,TFIIB FL,data,good_condensates
1.0,1.0,0.0,TFIIB FL,data,good_condensates
2.0,1.0,0.0,TFIIB FL,data,good_condensates
1.0,1.0,0.0,TFIIB FL,data,good_condensates
1.0,1.0,0.0,TFIIB FL,data,good_condensates
1.0,1.0,0.0,TFIIB FL,data,good_condensates
3.0,1.0,3.414213562373095,TFIIB FL,data,good_condensates
152.0,1.0,63.106601717798206,TFIIB FL,data,good_condensates
20.0,1.0,17.621320343559645,TFIIB FL,data,good_condensates
1.0,1.0,0.0,TFIIB FL,data,good_condensates
1.0,1.0,0.0,TFIIB FL,data,good_condensates
1.0,1.0,0.0,TFIIB FL,data,good_condensates
868.0,1.0,119.87615433949868,TFIIB FL,data,good_condensates
1.0,1.0,0.0,TFIIB FL,data,good_condensates
543.0,1.0,91.94112549695427,TFIIB FL,data,good_condensates
3132.0,1.0,278.79393923934,TFIIB FL,data,good_condensates
1.0,1.0,0.0,TFIIB FL,data,good_condensates
1.0,1.0,0.0,TFIIB FL,data,good_condensates
2.0,1.0,0.0,TFIIB FL,data,good_condensates
3.0,1.0,1.0,TFIIB FL,data,good_condensates
1.0,1.0,0.0,TFIIB FL,data,good_condensates
1.0,1.0,0.0,TFIIB FL,data,good_condensates
8814.0,1.0,463.49242404917493,TFIIB FL,data,good_condensates
1.0,1.0,0.0,TFIIB FL,data,good_condensates
1.0,1.0,0.0,TFIIB FL,data,good_condensates
1.0,1.0,0.0,TFIIB FL,data,good_condensates
2.0,1.0,0.0,TFIIB FL,data,good_condensates
1.0,1.0,0.0,TFIIB FL,data,good_condensates
95.0,1.0,43.69238815542512,TFIIB FL,data,good_condensates
1.0,1.0,0.0,TFIIB FL,data,good_condensates
3.0,1.0,1.2071067811865475,TFIIB FL,data,good_condensates
1.0,1.0,0.0,TFIIB FL,data,good_condensates
1.0,1.0,0.0,TFIIB FL,data,good_condensates
1.0,1.0,0.0,TFIIB FL,data,good_condensates
1.0,1.0,0.0,TFIIB FL,data,good_condensates
1.0,1.0,0.0,TFIIB FL,data,good_condensates
3342.0,1.0,242.71677477306463,TFIIB FL,data,good_condensates
1.0,1.0,0.0,TFIIB FL,data,good_condensates
3.0,1.0,3.414213562373095,TFIIB FL,data,good_condensates
64.0,1.0,37.10660171779821,TFIIB FL,data,good_condensates
1.0,1.0,0.0,TFIIB FL,data,good_condensates
4.0,1.0,3.2071067811865475,TFIIB FL,data,good_condensates
1.0,1.0,0.0,TFIIB FL,data,good_condensates
1.0,1.0,0.0,TFIIB FL,data,good_condensates
1.0,1.0,0.0,TFIIB FL,data,good_condensates
3.0,1.0,1.2071067811865475,TFIIB FL,data,good_condensates
1.0,1.0,0.0,TFIIB FL,data,good_condensates
3098.0,1.0,245.05992052357226,TFIIB FL,data,good_condensates
1738.0,1.0,171.18986283848344,TFIIB FL,data,good_condensates
3.0,1.0,1.0,TFIIB FL,data,good_condensates
328.0,1.0,74.00609665440987,TFIIB FL,data,good_condensates
1.0,1.0,0.0,TFIIB FL,data,good_condensates
4.0,1.0,2.0,TFIIB FL,data,good_condensates
1311.0,1.0,141.67514421272202,TFIIB FL,data,good_condensates
1.0,1.0,0.0,TFIIB FL,data,good_condensates
225.0,1.0,63.45584412271571,TFIIB FL,data,good_condensates
74.0,1.0,33.89949493661166,TFIIB FL,data,good_condensates
6.0,1.0,6.414213562373095,TFIIB FL,data,good_condensates
174.0,1.0,50.76345596729059,TFIIB FL,data,good_condensates
1586.0,1.0,159.77564927611036,TFIIB FL,data,good_condensates
1.0,1.0,0.0,TFIIB FL,data,good_condensates
1.0,1.0,0.0,TFIIB FL,data,good_condensates
1158.0,1.0,133.9827560572969,TFIIB FL,data,good_condensates
3.0,1.0,1.0,TFIIB FL,data,good_condensates
1.0,1.0,0.0,TFIIB FL,data,good_condensates
1.0,1.0,0.0,TFIIB FL,data,good_condensates
4.0,1.0,2.0,TFIIB FL,data,good_condensates
2.0,1.0,0.0,TFIIB FL,data,good_condensates
1.0,1.0,0.0,TFIIB FL,data,good_condensates
1.0,1.0,0.0,TFIIB FL,data,good_condensates
1.0,1.0,0.0,TFIIB FL,data,good_condensates
399.0,1.0,86.698484809835,TFIIB FL,data,good_condensates
1.0,1.0,0.0,TFIIB FL,data,good_condensates
10.0,1.0,8.035533905932738,TFIIB FL,data,good_condensates
2.0,1.0,0.0,TFIIB FL,data,good_condensates
1.0,1.0,0.0,TFIIB FL,data,good_condensates
1.0,1.0,0.0,TFIIB FL,data,good_condensates
1.0,1.0,0.0,TFIIB FL,data,good_condensates
677.0,1.0,103.66904755831213,TFIIB FL,data,good_condensates
10163.0,1.0,530.7056274847714,TFIIB FL,data,good_condensates
5.0,1.0,4.207106781186548,TFIIB FL,data,good_condensates
1.0,1.0,0.0,TFIIB FL,data,good_condensates
1.0,1.0,0.0,TFIIB FL,data,good_condensates
1.0,1.0,0.0,TFIIB FL,data,good_condensates
2.0,1.0,0.0,TFIIB FL,data,good_condensates
1.0,1.0,0.0,TFIIB FL,data,good_condensates
3.0,1.0,3.414213562373095,TFIIB FL,data,good_condensates
1561.0,1.0,158.46803743153546,TFIIB FL,data,good_condensates
88.0,1.0,40.3492424049175,TFIIB FL,data,good_condensates
1216.0,1.0,137.39696961967,TFIIB FL,data,good_condensates
4.0,1.0,2.0,TFIIB FL,data,good_condensates
1.0,1.0,0.0,TFIIB FL,data,good_condensates
1.0,1.0,0.0,TFIIB FL,data,good_condensates
1.0,1.0,0.0,TFIIB FL,data,good_condensates
608.0,1.0,100.59797974644667,TFIIB FL,data,good_condensates
138.0,1.0,46.7634559672906,TFIIB FL,data,good_condensates
7.0,1.0,6.414213562373095,TFIIB FL,data,good_condensates
407.0,1.0,81.35533905932738,TFIIB FL,data,good_condensates
1128.0,1.0,135.49747468305833,TFIIB FL,data,good_condensates
1.0,1.0,0.0,TFIIB FL,data,good_condensates
3125.0,1.0,250.13098833543773,TFIIB FL,data,good_condensates
3181.0,1.0,221.75230867899737,TFIIB FL,data,good_condensates
1858.0,1.0,175.36753236814712,TFIIB FL,data,good_condensates
1.0,1.0,0.0,TFIIB FL,data,good_condensates
1.0,1.0,0.0,TFIIB FL,data,good_condensates
1.0,1.0,0.0,TFIIB FL,data,good_condensates
1.0,1.0,0.0,TFIIB FL,data,good_condensates
1429.0,1.0,151.0538238691624,TFIIB FL,data,good_condensates
3158.0,1.0,229.26702730475878,TFIIB FL,data,good_condensates
1.0,1.0,0.0,TFIIB FL,data,good_condensates
394.0,1.0,92.94112549695427,TFIIB FL,data,good_condensates
11.0,1.0,8.82842712474619,TFIIB FL,data,good_condensates
1.0,1.0,0.0,TFIIB FL,data,good_condensates
1622.0,1.0,164.46803743153546,TFIIB FL,data,good_condensates
1.0,1.0,0.0,TFIIB FL,data,good_condensates
1.0,1.0,0.0,TFIIB FL,data,good_condensates
2787.0,1.0,206.8528137423857,TFIIB FL,data,good_condensates
663.0,1.0,104.42640687119285,TFIIB FL,data,good_condensates
1120.0,1.0,130.74011537017762,TFIIB FL,data,good_condensates
1.0,1.0,0.0,TFIIB FL,data,good_condensates
584.0,1.0,96.35533905932738,TFIIB FL,data,good_condensates
9.0,1.0,8.621320343559642,TFIIB FL,data,good_condensates
2.0,1.0,0.0,TFIIB FL,data,good_condensates
1.0,1.0,0.0,TFIIB FL,data,good_condensates
1.0,1.0,0.0,TFIIB FL,data,good_condensates
1758.0,1.0,265.0182899632297,TFIIB FL,data,good_condensates
1.0,1.0,0.0,TFIIB FL,data,good_condensates
1.0,1.0,0.0,TFIIB FL,data,good_condensates
4.0,1.0,3.2071067811865475,TFIIB FL,data,good_condensates
3.0,1.0,1.0,TFIIB FL,data,good_condensates
1.0,1.0,0.0,TFIIB FL,data,good_condensates
222.0,1.0,60.55634918610404,TFIIB FL,data,good_condensates
170.0,1.0,57.31370849898476,TFIIB FL,data,good_condensates
210.0,1.0,58.970562748477136,TFIIB FL,data,good_condensates
2.0,1.0,0.0,TFIIB FL,data,good_condensates
134.0,1.0,68.3492424049175,TFIIB FL,data,good_condensates
1.0,1.0,0.0,TFIIB FL,data,good_condensates
1.0,1.0,0.0,TFIIB FL,data,good_condensates
20.0,1.0,18.0,TFIIB FL,data,good_condensates
20.0,1.0,14.414213562373096,TFIIB FL,data,small_condensates
220.0,1.0,57.21320343559643,TFIIB FL,data,small_condensates
106.0,1.0,38.72792206135786,TFIIB FL,data,small_condensates
30.0,1.0,18.0,TFIIB FL,data,small_condensates
49.0,1.0,27.520815280171306,TFIIB FL,data,small_condensates
9.0,1.0,6.207106781186548,TFIIB FL,data,small_condensates
57.0,1.0,25.899494936611664,TFIIB FL,data,small_condensates
20.0,1.0,14.242640687119284,TFIIB FL,data,small_condensates
61.0,1.0,29.727922061357855,TFIIB FL,data,small_condensates
29.0,1.0,17.65685424949238,TFIIB FL,data,small_condensates
10.0,1.0,10.207106781186548,TFIIB FL,data,small_condensates
1.0,1.0,0.0,TFIIB FL,data,small_condensates
57.0,1.0,26.72792206135785,TFIIB FL,data,small_condensates
1.0,1.0,0.0,TFIIB FL,data,small_condensates
3.0,1.0,3.414213562373095,TFIIB FL,data,small_condensates
177.0,1.0,49.21320343559643,TFIIB FL,data,small_condensates
123.0,1.0,41.21320343559643,TFIIB FL,data,small_condensates
130.0,1.0,42.97056274847714,TFIIB FL,data,small_condensates
241.0,1.0,59.66295090390226,TFIIB FL,data,small_condensates
31.0,1.0,20.485281374238568,TFIIB FL,data,small_condensates
2.0,1.0,0.0,TFIIB FL,data,small_condensates
57.0,1.0,26.72792206135785,TFIIB FL,data,small_condensates
1.0,1.0,0.0,TFIIB FL,data,small_condensates
71.0,1.0,29.556349186104043,TFIIB FL,data,small_condensates
147.0,1.0,44.55634918610404,TFIIB FL,data,small_condensates
63.0,1.0,27.31370849898476,TFIIB FL,data,small_condensates
25.0,1.0,16.242640687119284,TFIIB FL,data,small_condensates
50.0,1.0,26.14213562373095,TFIIB FL,data,small_condensates
141.0,1.0,44.14213562373095,TFIIB FL,data,small_condensates
95.0,1.0,35.3492424049175,TFIIB FL,data,small_condensates
49.0,1.0,25.31370849898476,TFIIB FL,data,small_condensates
1.0,1.0,0.0,TFIIB FL,data,small_condensates
2.0,1.0,0.0,TFIIB FL,data,small_condensates
21.0,1.0,15.621320343559642,TFIIB FL,data,small_condensates
14.0,1.0,11.035533905932738,TFIIB FL,data,small_condensates
6.0,1.0,4.207106781186548,TFIIB FL,data,small_condensates
102.0,1.0,35.55634918610404,TFIIB FL,data,small_condensates
98.0,1.0,36.970562748477136,TFIIB FL,data,small_condensates
28.0,1.0,20.242640687119284,TFIIB FL,data,small_condensates
25.0,1.0,17.44974746830583,TFIIB FL,data,small_condensates
51.0,1.0,24.727922061357855,TFIIB FL,data,small_condensates
180.0,1.0,49.79898987322333,TFIIB FL,data,small_condensates
179.0,1.0,49.45584412271571,TFIIB FL,data,small_condensates
82.0,1.0,32.72792206135785,TFIIB FL,data,small_condensates
32.0,1.0,19.899494936611667,TFIIB FL,data,small_condensates
14.0,1.0,11.035533905932738,TFIIB FL,data,small_condensates
106.0,1.0,36.970562748477136,TFIIB FL,data,small_condensates
5.0,1.0,5.656854249492381,TFIIB FL,data,small_condensates
57.0,1.0,27.31370849898476,TFIIB FL,data,small_condensates
1.0,1.0,0.0,TFIIB FL,data,small_condensates
20.0,1.0,15.449747468305834,TFIIB FL,data,small_condensates
1.0,1.0,0.0,TFIIB FL,data,small_condensates
17.0,1.0,12.449747468305832,TFIIB FL,data,small_condensates
93.0,1.0,35.31370849898476,TFIIB FL,data,small_condensates
24.0,1.0,16.27817459305202,TFIIB FL,data,small_condensates
86.0,1.0,33.14213562373095,TFIIB FL,data,small_condensates
95.0,1.0,34.72792206135785,TFIIB FL,data,small_condensates
4.0,1.0,3.2071067811865475,TFIIB FL,data,small_condensates
99.0,1.0,35.55634918610404,TFIIB FL,data,small_condensates
1.0,1.0,0.0,TFIIB FL,data,small_condensates
32.0,1.0,19.485281374238568,TFIIB FL,data,small_condensates
52.0,1.0,26.485281374238568,TFIIB FL,data,small_condensates
11.0,1.0,9.82842712474619,TFIIB FL,data,small_condensates
8.0,1.0,7.035533905932738,TFIIB FL,data,small_condensates
49.0,1.0,25.31370849898476,TFIIB FL,data,small_condensates
247.0,1.0,58.87005768508881,TFIIB FL,data,small_condensates
57.0,1.0,28.142135623730947,TFIIB FL,data,small_condensates
54.0,1.0,26.071067811865476,TFIIB FL,data,small_condensates
6.0,1.0,5.414213562373095,TFIIB FL,data,small_condensates
12.0,1.0,9.621320343559642,TFIIB FL,data,small_condensates
1.0,1.0,0.0,TFIIB FL,data,small_condensates
71.0,1.0,30.899494936611667,TFIIB FL,data,small_condensates
83.0,1.0,34.14213562373095,TFIIB FL,data,small_condensates
1.0,1.0,0.0,TFIIB FL,data,small_condensates
106.0,1.0,36.970562748477136,TFIIB FL,data,small_condensates
1.0,1.0,0.0,TFIIB FL,data,small_condensates
2.0,1.0,0.0,TFIIB FL,data,small_condensates
174.0,1.0,49.62741699796952,TFIIB FL,data,small_condensates
6.0,1.0,5.0,TFIIB FL,data,small_condensates
6.0,1.0,6.0,TFIIB FL,data,small_condensates
111.0,1.0,37.79898987322333,TFIIB FL,data,small_condensates
51.0,1.0,24.14213562373095,TFIIB FL,data,small_condensates
2.0,1.0,0.0,TFIIB FL,data,small_condensates
3.0,1.0,1.0,TFIIB FL,data,small_condensates
55.0,1.0,28.9350288425444,TFIIB FL,data,small_condensates
270.0,1.0,62.941125496954285,TFIIB FL,data,small_condensates
49.0,1.0,24.899494936611667,TFIIB FL,data,small_condensates
24.0,1.0,16.242640687119284,TFIIB FL,data,small_condensates
10.0,1.0,10.071067811865476,TFIIB FL,data,small_condensates
40.0,1.0,21.899494936611667,TFIIB FL,data,small_condensates
26.0,1.0,18.242640687119284,TFIIB FL,data,small_condensates
76.0,1.0,30.485281374238568,TFIIB FL,data,small_condensates
128.0,1.0,41.970562748477136,TFIIB FL,data,small_condensates
78.0,1.0,30.727922061357855,TFIIB FL,data,small_condensates
116.0,1.0,39.21320343559643,TFIIB FL,data,small_condensates
165.0,1.0,46.21320343559643,TFIIB FL,data,small_condensates
36.0,1.0,21.692388155425114,TFIIB FL,data,small_condensates
24.0,1.0,17.65685424949238,TFIIB FL,data,small_condensates
82.0,1.0,32.14213562373095,TFIIB FL,data,small_condensates
2.0,1.0,0.0,TFIIB FL,data,small_condensates
237.0,1.0,58.04163056034261,TFIIB FL,data,small_condensates
4.0,1.0,3.414213562373095,TFIIB FL,data,small_condensates
25.0,1.0,16.48528137423857,TFIIB FL,data,small_condensates
54.0,1.0,27.071067811865476,TFIIB FL,data,small_condensates
4.0,1.0,4.621320343559642,TFIIB FL,data,small_condensates
55.0,1.0,25.31370849898476,TFIIB FL,data,small_condensates
28.0,1.0,20.27817459305202,TFIIB FL,data,small_condensates
5.0,1.0,4.414213562373095,TFIIB FL,data,small_condensates
60.0,1.0,27.485281374238568,TFIIB FL,data,small_condensates
25.0,1.0,17.485281374238568,TFIIB FL,data,small_condensates
5.0,1.0,4.207106781186548,TFIIB FL,data,small_condensates
16.0,1.0,13.863961030678926,TFIIB FL,data,small_condensates
71.0,1.0,29.31370849898476,TFIIB FL,data,small_condensates
14.0,1.0,12.035533905932738,TFIIB FL,data,small_condensates
61.0,1.0,29.31370849898476,TFIIB FL,data,small_condensates
4.0,1.0,3.2071067811865475,TFIIB FL,data,small_condensates
1.0,1.0,0.0,TFIIB FL,data,small_condensates
32.0,1.0,20.65685424949238,TFIIB FL,data,small_condensates
39.0,1.0,23.65685424949238,TFIIB FL,data,small_condensates
107.0,1.0,37.55634918610404,TFIIB FL,data,small_condensates
5.0,1.0,3.0,TFIIB FL,data,small_condensates
20.0,1.0,14.48528137423857,TFIIB FL,data,small_condensates
49.0,1.0,24.242640687119284,TFIIB FL,data,small_condensates
65.0,1.0,29.31370849898476,TFIIB FL,data,small_condensates
125.0,1.0,40.97056274847714,TFIIB FL,data,small_condensates
4.0,1.0,2.2071067811865475,TFIIB FL,data,small_condensates
2.0,1.0,0.0,TFIIB FL,data,small_condensates
1.0,1.0,0.0,TFIIB FL,data,small_condensates
20.0,1.0,14.414213562373096,TFIIB FL,data,small_condensates
62.0,1.0,28.556349186104043,TFIIB FL,data,small_condensates
16.0,1.0,13.65685424949238,TFIIB FL,data,small_condensates
256.0,1.0,60.698484809834994,TFIIB FL,data,small_condensates
8.0,1.0,6.0,TFIIB FL,data,small_condensates
74.0,1.0,30.14213562373095,TFIIB FL,data,small_condensates
48.0,1.0,24.899494936611667,TFIIB FL,data,small_condensates
7.0,1.0,6.207106781186548,TFIIB FL,data,small_condensates
22.0,1.0,16.48528137423857,TFIIB FL,data,small_condensates
2.0,1.0,0.0,TFIIB FL,data,small_condensates
34.0,1.0,19.65685424949238,TFIIB FL,data,small_condensates
113.0,1.0,39.14213562373095,TFIIB FL,data,small_condensates
8.0,1.0,7.414213562373095,TFIIB FL,data,small_condensates
17.0,1.0,13.035533905932738,TFIIB FL,data,small_condensates
106.0,1.0,38.97056274847714,TFIIB FL,data,small_condensates
1.0,1.0,0.0,TFIIB FL,data,small_condensates
405.0,1.0,79.04163056034261,TFIIB FL,data,small_condensates
185.0,1.0,49.4558441227157,TFIIB FL,data,small_condensates
8.0,1.0,7.621320343559642,TFIIB FL,data,small_condensates
36.0,1.0,21.863961030678926,TFIIB FL,data,small_condensates
68.0,1.0,30.142135623730947,TFIIB FL,data,small_condensates
32.0,1.0,19.863961030678926,TFIIB FL,data,small_condensates
3.0,1.0,1.2071067811865475,TFIIB FL,data,small_condensates
1.0,1.0,0.0,TFIIB FL,data,small_condensates
9.0,1.0,8.621320343559642,TFIIB FL,data,small_condensates
19.0,1.0,14.242640687119286,TFIIB FL,data,small_condensates
314.0,1.0,70.24873734152916,TFIIB FL,data,small_condensates
17.0,1.0,13.82842712474619,TFIIB FL,data,small_condensates
10.0,1.0,9.414213562373096,TFIIB FL,data,small_condensates
145.0,1.0,43.21320343559643,TFIIB FL,data,small_condensates
4.0,1.0,2.0,TFIIB FL,data,small_condensates
11.0,1.0,10.242640687119284,TFIIB FL,data,small_condensates
35.0,1.0,22.899494936611664,TFIIB FL,data,small_condensates
27.0,1.0,17.65685424949238,TFIIB FL,data,small_condensates
69.0,1.0,31.727922061357855,TFIIB FL,data,small_condensates
32.0,1.0,19.485281374238568,TFIIB FL,data,small_condensates
13.0,1.0,12.035533905932738,TFIIB FL,data,small_condensates
7.0,1.0,6.414213562373095,TFIIB FL,data,small_condensates
45.0,1.0,24.31370849898476,TFIIB FL,data,small_condensates
5.0,1.0,5.656854249492381,TFIIB FL,data,small_condensates
1.0,1.0,0.0,TFIIB FL,data,small_condensates
6.0,1.0,5.449747468305834,TFIIB FL,data,small_condensates
4.0,1.0,4.0,TFIIB FL,data,small_condensates
9.0,1.0,6.82842712474619,TFIIB FL,data,small_condensates
1.0,1.0,0.0,TFIIB FL,data,small_condensates
7.0,1.0,6.207106781186548,TFIIB FL,data,small_condensates
1.0,1.0,0.0,TFIIB FL,data,small_condensates
10.0,1.0,8.82842712474619,TFIIB FL,data,small_condensates
44.0,1.0,24.071067811865476,TFIIB FL,data,small_condensates
82.0,1.0,31.31370849898476,TFIIB FL,data,small_condensates
44.0,1.0,23.485281374238568,TFIIB FL,data,small_condensates
18.0,1.0,12.65685424949238,TFIIB FL,data,small_condensates
116.0,1.0,37.55634918610404,TFIIB FL,data,small_condensates
50.0,1.0,24.727922061357855,TFIIB FL,data,small_condensates
26.0,1.0,17.485281374238568,TFIIB FL,data,small_condensates
1.0,1.0,0.0,TFIIB FL,data,small_condensates
59.0,1.0,27.556349186104047,TFIIB FL,data,small_condensates
29.0,1.0,18.899494936611664,TFIIB FL,data,small_condensates
23.0,1.0,16.86396103067893,TFIIB FL,data,small_condensates
45.0,1.0,23.935028842544405,TFIIB FL,data,small_condensates
50.0,1.0,24.52081528017131,TFIIB FL,data,small_condensates
89.0,1.0,34.3492424049175,TFIIB FL,data,small_condensates
178.0,1.0,50.04163056034261,TFIIB FL,data,small_condensates
5.0,1.0,5.414213562373095,TFIIB FL,data,small_condensates
91.0,1.0,35.798989873223334,TFIIB FL,data,small_condensates
159.0,1.0,45.55634918610404,TFIIB FL,data,small_condensates
174.0,1.0,48.04163056034261,TFIIB FL,data,small_condensates
37.0,1.0,21.071067811865476,TFIIB FL,data,small_condensates
29.0,1.0,18.899494936611667,TFIIB FL,data,small_condensates
198.0,1.0,53.83452377915607,TFIIB FL,data,small_condensates
19.0,1.0,13.65685424949238,TFIIB FL,data,small_condensates
1.0,1.0,0.0,TFIIB FL,data,small_condensates
42.0,1.0,23.071067811865476,TFIIB FL,data,small_condensates
1.0,1.0,0.0,TFIIB FL,data,small_condensates
22.0,1.0,15.242640687119286,TFIIB FL,data,small_condensates
19.0,1.0,14.82842712474619,TFIIB FL,data,small_condensates
6.0,1.0,5.414213562373095,TFIIB FL,data,small_condensates
158.0,1.0,46.62741699796952,TFIIB FL,data,small_condensates
17.0,1.0,13.414213562373096,TFIIB FL,data,small_condensates
30.0,1.0,19.485281374238568,TFIIB FL,data,small_condensates
22.0,1.0,14.863961030678928,TFIIB FL,data,small_condensates
275.0,1.0,62.941125496954285,TFIIB FL,data,small_condensates
19.0,1.0,14.449747468305834,TFIIB FL,data,small_condensates
10.0,1.0,8.207106781186548,TFIIB FL,data,small_condensates
7.0,1.0,7.65685424949238,TFIIB FL,data,small_condensates
79.0,1.0,32.14213562373095,TFIIB FL,data,small_condensates
3.0,1.0,1.0,TFIIB FL,data,small_condensates
51.0,1.0,28.27817459305202,TFIIB FL,data,small_condensates
12.0,1.0,11.035533905932738,TFIIB FL,data,small_condensates
34.0,1.0,20.65685424949238,TFIIB FL,data,small_condensates
26.0,1.0,18.071067811865476,TFIIB FL,data,small_condensates
235.0,1.0,55.79898987322333,TFIIB FL,data,small_condensates
175.0,1.0,48.38477631085024,TFIIB FL,data,small_condensates
1.0,1.0,0.0,TFIIB FL,data,small_condensates
14.0,1.0,11.414213562373096,TFIIB FL,data,small_condensates
95.0,1.0,36.384776310850235,TFIIB FL,data,small_condensates
5.0,1.0,4.207106781186548,TFIIB FL,data,small_condensates
42.0,1.0,24.727922061357855,TFIIB FL,data,small_condensates
20.0,1.0,14.863961030678928,TFIIB FL,data,small_condensates
140.0,1.0,52.21320343559643,TFIIB FL,data,small_condensates
51.0,1.0,26.31370849898476,TFIIB FL,data,small_condensates
48.0,1.0,23.899494936611667,TFIIB FL,data,small_condensates
65.0,1.0,30.14213562373095,TFIIB FL,data,small_condensates
113.0,1.0,39.21320343559643,TFIIB FL,data,small_condensates
30.0,1.0,17.692388155425117,TFIIB FL,data,small_condensates
44.0,1.0,22.485281374238568,TFIIB FL,data,small_condensates
187.0,1.0,49.00609665440987,TFIIB FL,data,small_condensates
6.0,1.0,5.414213562373095,TFIIB FL,data,small_condensates
301.0,1.0,65.11269837220809,TFIIB FL,data,small_condensates
55.0,1.0,26.65685424949238,TFIIB FL,data,small_condensates
13.0,1.0,10.207106781186548,TFIIB FL,data,small_condensates
51.0,1.0,26.31370849898476,TFIIB FL,data,small_condensates
22.0,1.0,15.727922061357855,TFIIB FL,data,small_condensates
82.0,1.0,33.55634918610404,TFIIB FL,data,small_condensates
29.0,1.0,19.65685424949238,TFIIB FL,data,small_condensates
1.0,1.0,0.0,TFIIB FL,data,small_condensates
170.0,1.0,46.04163056034262,TFIIB FL,data,small_condensates
34.0,1.0,19.863961030678926,TFIIB FL,data,small_condensates
32.0,1.0,19.071067811865476,TFIIB FL,data,small_condensates
84.0,1.0,32.384776310850235,TFIIB FL,data,small_condensates
191.0,1.0,50.62741699796952,TFIIB FL,data,small_condensates
45.0,1.0,23.242640687119284,TFIIB FL,data,small_condensates
17.0,1.0,13.207106781186548,TFIIB FL,data,small_condensates
68.0,1.0,30.31370849898476,TFIIB FL,data,small_condensates
8.0,1.0,7.414213562373095,TFIIB FL,data,small_condensates
144.0,1.0,43.21320343559643,TFIIB FL,data,small_condensates
32.0,1.0,19.485281374238568,TFIIB FL,data,small_condensates
95.0,1.0,34.14213562373095,TFIIB FL,data,small_condensates
27.0,1.0,18.071067811865476,TFIIB FL,data,small_condensates
205.0,1.0,53.04163056034262,TFIIB FL,data,small_condensates
1.0,1.0,0.0,TFIIB FL,data,small_condensates
5.0,1.0,3.414213562373095,TFIIB FL,data,small_condensates
29.0,1.0,20.82842712474619,TFIIB FL,data,small_condensates
206.0,1.0,53.04163056034261,TFIIB FL,data,small_condensates
1.0,1.0,0.0,TFIIB FL,data,small_condensates
94.0,1.0,34.970562748477136,TFIIB FL,data,small_condensates
9.0,1.0,8.414213562373096,TFIIB FL,data,small_condensates
1.0,1.0,0.0,TFIIB FL,data,small_condensates
64.0,1.0,28.520815280171306,TFIIB FL,data,small_condensates
6.0,1.0,5.207106781186548,TFIIB FL,data,small_condensates
1.0,1.0,0.0,TFIIB FL,data,small_condensates
1.0,1.0,0.0,TFIIB FL,data,small_condensates
6.0,1.0,6.414213562373095,TFIIB FL,data,small_condensates
79.0,1.0,32.7634559672906,TFIIB FL,data,small_condensates
60.0,1.0,26.48528137423857,TFIIB FL,data,small_condensates
35.0,1.0,20.485281374238568,TFIIB FL,data,small_condensates
6.0,1.0,5.414213562373095,TFIIB FL,data,small_condensates
1.0,1.0,0.0,TFIIB FL,data,small_condensates
17.0,1.0,13.82842712474619,TFIIB FL,data,small_condensates
89.0,1.0,35.14213562373095,TFIIB FL,data,small_condensates
56.0,1.0,26.899494936611664,TFIIB FL,data,small_condensates
44.0,1.0,23.485281374238568,TFIIB FL,data,small_condensates
10.0,1.0,9.449747468305834,TFIIB FL,data,small_condensates
14.0,1.0,13.278174593052022,TFIIB FL,data,small_condensates
1.0,1.0,0.0,TFIIB FL,data,small_condensates
42.0,1.0,23.242640687119284,TFIIB FL,data,small_condensates
1.0,1.0,0.0,TFIIB FL,data,small_condensates
1.0,1.0,0.0,TFIIB FL,data,small_condensates
68.0,1.0,29.556349186104043,TFIIB FL,data,small_condensates
1.0,1.0,0.0,TFIIB FL,data,small_condensates
4.0,1.0,4.621320343559642,TFIIB FL,data,small_condensates
1.0,1.0,0.0,TFIIB FL,data,small_condensates
97.0,1.0,36.384776310850235,TFIIB FL,data,small_condensates
1.0,1.0,0.0,TFIIB FL,data,small_condensates
273.0,1.0,62.04163056034261,TFIIB FL,data,small_condensates
150.0,1.0,44.798989873223334,TFIIB FL,data,small_condensates
4.0,1.0,2.2071067811865475,TFIIB FL,data,small_condensates
3.0,1.0,1.0,TFIIB FL,data,small_condensates
64.0,1.0,27.899494936611667,TFIIB FL,data,small_condensates
17.0,1.0,12.828427124746192,TFIIB FL,data,small_condensates
231.0,1.0,56.87005768508881,TFIIB FL,data,small_condensates
62.0,1.0,28.72792206135785,TFIIB FL,data,small_condensates
31.0,1.0,19.485281374238568,TFIIB FL,data,small_condensates
8.0,1.0,7.414213562373095,TFIIB FL,data,small_condensates
2.0,1.0,0.0,TFIIB FL,data,small_condensates
78.0,1.0,31.556349186104043,TFIIB FL,data,small_condensates
65.0,1.0,30.14213562373095,TFIIB FL,data,small_condensates
2.0,1.0,0.0,TFIIB FL,data,small_condensates
42.0,1.0,23.071067811865476,TFIIB FL,data,small_condensates
37.0,1.0,21.071067811865476,TFIIB FL,data,small_condensates
132.0,1.0,41.21320343559643,TFIIB FL,data,small_condensates
67.0,1.0,31.9350288425444,TFIIB FL,data,small_condensates
6.0,1.0,6.242640687119286,TFIIB FL,data,small_condensates
6.0,1.0,6.414213562373095,TFIIB FL,data,small_condensates
263.0,1.0,59.698484809834994,TFIIB FL,data,small_condensates
10.0,1.0,7.414213562373095,TFIIB FL,data,small_condensates
141.0,1.0,43.79898987322333,TFIIB FL,data,small_condensates
34.0,1.0,19.65685424949238,TFIIB FL,data,small_condensates
107.0,1.0,37.798989873223334,TFIIB FL,data,small_condensates
19.0,1.0,15.071067811865476,TFIIB FL,data,small_condensates
18.0,1.0,15.035533905932738,TFIIB FL,data,small_condensates
8.0,1.0,7.414213562373095,TFIIB FL,data,small_condensates
117.0,1.0,37.798989873223334,TFIIB FL,data,small_condensates
189.0,1.0,64.04163056034261,TFIIB FL,data,small_condensates
23.0,1.0,15.65685424949238,TFIIB FL,data,small_condensates
1.0,1.0,0.0,TFIIB FL,data,small_condensates
1.0,1.0,0.0,TFIIB FL,data,small_condensates
201.0,1.0,52.2842712474619,TFIIB FL,data,small_condensates
138.0,1.0,43.798989873223334,TFIIB FL,data,small_condensates
21.0,1.0,16.44974746830583,TFIIB FL,data,small_condensates
20.0,1.0,15.242640687119284,TFIIB FL,data,small_condensates
77.0,1.0,31.31370849898476,TFIIB FL,data,small_condensates
5.0,1.0,4.207106781186548,TFIIB FL,data,small_condensates
27.0,1.0,20.035533905932738,TFIIB FL,data,small_condensates
7.0,1.0,6.621320343559642,TFIIB FL,data,small_condensates
121.0,1.0,39.21320343559643,TFIIB FL,data,small_condensates
11.0,1.0,9.207106781186548,TFIIB FL,data,small_condensates
271.0,1.0,62.2842712474619,TFIIB FL,data,small_condensates
3.0,1.0,3.414213562373095,TFIIB FL,data,small_condensates
4.0,1.0,4.621320343559642,TFIIB FL,data,small_condensates
56.0,1.0,27.727922061357855,TFIIB FL,data,small_condensates
121.0,1.0,40.14213562373095,TFIIB FL,data,small_condensates
33.0,1.0,19.414213562373096,TFIIB FL,data,small_condensates
36.0,1.0,21.071067811865476,TFIIB FL,data,small_condensates
48.0,1.0,23.899494936611667,TFIIB FL,data,small_condensates
18.0,1.0,13.65685424949238,TFIIB FL,data,small_condensates
13.0,1.0,10.449747468305834,TFIIB FL,data,small_condensates
14.0,1.0,11.242640687119284,TFIIB FL,data,small_condensates
2.0,1.0,0.0,TFIIB FL,data,small_condensates
128.0,1.0,41.798989873223334,TFIIB FL,data,small_condensates
1.0,1.0,0.0,TFIIB FL,data,small_condensates
146.0,1.0,44.97056274847714,TFIIB FL,data,small_condensates
11.0,1.0,9.449747468305834,TFIIB FL,data,small_condensates
16.0,1.0,13.82842712474619,TFIIB FL,data,small_condensates
25.0,1.0,17.27817459305202,TFIIB FL,data,small_condensates
4.0,1.0,3.2071067811865475,TFIIB FL,data,small_condensates
51.0,1.0,27.692388155425117,TFIIB FL,data,small_condensates
13.0,1.0,10.82842712474619,TFIIB FL,data,small_condensates
62.0,1.0,29.727922061357855,TFIIB FL,data,small_condensates
546.0,1.0,94.5269119345812,TFIIB FL,data,small_condensates
47.0,1.0,23.48528137423857,TFIIB FL,data,small_condensates
35.0,1.0,21.071067811865476,TFIIB FL,data,small_condensates
46.0,1.0,23.899494936611667,TFIIB FL,data,small_condensates
77.0,1.0,32.31370849898476,TFIIB FL,data,small_condensates
17.0,1.0,13.207106781186548,TFIIB FL,data,small_condensates
24.0,1.0,16.65685424949238,TFIIB FL,data,small_condensates
92.0,1.0,36.970562748477136,TFIIB FL,data,small_condensates
53.0,1.0,26.72792206135785,TFIIB FL,data,small_condensates
1.0,1.0,0.0,TFIIB FL,data,small_condensates
79.0,1.0,32.14213562373095,TFIIB FL,data,small_condensates
186.0,1.0,51.45584412271571,TFIIB FL,data,small_condensates
81.0,1.0,33.970562748477136,TFIIB FL,data,small_condensates
29.0,1.0,19.31370849898476,TFIIB FL,data,small_condensates
170.0,1.0,64.00609665440987,TFIIB FL,data,small_condensates
59.0,1.0,27.31370849898476,TFIIB FL,data,small_condensates
2.0,1.0,0.0,TFIIB FL,data,small_condensates
1.0,1.0,0.0,TFIIB FL,data,small_condensates
14.0,1.0,12.035533905932738,TFIIB FL,data,small_condensates
20.0,1.0,15.071067811865476,TFIIB FL,data,small_condensates
136.0,1.0,43.21320343559643,TFIIB FL,data,small_condensates
357.0,1.0,73.2842712474619,TFIIB FL,data,small_condensates
21.0,1.0,15.65685424949238,TFIIB FL,data,small_condensates
37.0,1.0,21.65685424949238,TFIIB FL,data,small_condensates
62.0,1.0,28.556349186104043,TFIIB FL,data,small_condensates
30.0,1.0,18.485281374238568,TFIIB FL,data,small_condensates
31.0,1.0,18.82842712474619,TFIIB FL,data,small_condensates
9.0,1.0,7.0,TFIIB FL,data,small_condensates
30.0,1.0,18.65685424949238,TFIIB FL,data,small_condensates
1.0,1.0,0.0,TFIIB FL,data,small_condensates
28.0,1.0,18.071067811865476,TFIIB FL,data,small_condensates
137.0,1.0,43.17766952966369,TFIIB FL,data,small_condensates
36.0,1.0,20.899494936611667,TFIIB FL,data,small_condensates
1.0,1.0,0.0,TFIIB FL,data,small_condensates
11.0,1.0,9.414213562373096,TFIIB FL,data,small_condensates
17.0,1.0,12.82842712474619,TFIIB FL,data,small_condensates
121.0,1.0,40.62741699796952,TFIIB FL,data,small_condensates
36.0,1.0,22.863961030678926,TFIIB FL,data,small_condensates
2.0,1.0,0.0,TFIIB FL,data,small_condensates
73.0,1.0,30.14213562373095,TFIIB FL,data,small_condensates
56.0,1.0,26.485281374238568,TFIIB FL,data,small_condensates
126.0,1.0,41.21320343559643,TFIIB FL,data,small_condensates
68.0,1.0,28.14213562373095,TFIIB FL,data,small_condensates
45.0,1.0,23.899494936611667,TFIIB FL,data,small_condensates
1.0,1.0,0.0,TFIIB FL,data,small_condensates
1.0,1.0,0.0,TFIIB FL,data,small_condensates
45.0,1.0,23.071067811865476,TFIIB FL,data,small_condensates
1.0,1.0,0.0,TFIIB FL,data,small_condensates
18.0,1.0,14.035533905932738,TFIIB FL,data,small_condensates
7.0,1.0,6.621320343559642,TFIIB FL,data,small_condensates
47.0,1.0,24.242640687119284,TFIIB FL,data,small_condensates
153.0,1.0,44.62741699796952,TFIIB FL,data,small_condensates
2.0,1.0,0.0,TFIIB FL,data,small_condensates
144.0,1.0,42.38477631085023,TFIIB FL,data,small_condensates
43.0,1.0,22.14213562373095,TFIIB FL,data,small_condensates
2.0,1.0,0.0,TFIIB FL,data,small_condensates
32.0,1.0,19.48528137423857,TFIIB FL,data,small_condensates
164.0,1.0,47.798989873223334,TFIIB FL,data,small_condensates
207.0,1.0,52.04163056034261,TFIIB FL,data,small_condensates
69.0,1.0,30.14213562373095,TFIIB FL,data,small_condensates
1.0,1.0,0.0,TFIIB FL,data,small_condensates
90.0,1.0,34.89949493661167,TFIIB FL,data,small_condensates
29.0,1.0,17.65685424949238,TFIIB FL,data,small_condensates
11.0,1.0,9.82842712474619,TFIIB FL,data,small_condensates
9.0,1.0,8.0,TFIIB FL,data,small_condensates
51.0,1.0,25.31370849898476,TFIIB FL,data,small_condensates
46.0,1.0,22.48528137423857,TFIIB FL,data,small_condensates
15.0,1.0,11.65685424949238,TFIIB FL,data,small_condensates
6.0,1.0,5.207106781186548,TFIIB FL,data,small_condensates
22.0,1.0,15.65685424949238,TFIIB FL,data,small_condensates
48.0,1.0,25.899494936611664,TFIIB FL,data,small_condensates
430.0,1.0,81.66295090390226,TFIIB FL,data,small_condensates
1.0,1.0,0.0,TFIIB FL,data,small_condensates
56.0,1.0,26.727922061357855,TFIIB FL,data,small_condensates
1.0,1.0,0.0,TFIIB FL,data,small_condensates
21.0,1.0,15.621320343559642,TFIIB FL,data,small_condensates
5.0,1.0,4.414213562373095,TFIIB FL,data,small_condensates
56.0,1.0,26.727922061357855,TFIIB FL,data,small_condensates
113.0,1.0,39.14213562373095,TFIIB FL,data,small_condensates
48.0,1.0,25.935028842544405,TFIIB FL,data,small_condensates
5.0,1.0,3.0,TFIIB FL,data,small_condensates
22.0,1.0,15.071067811865474,TFIIB FL,data,small_condensates
142.0,1.0,43.798989873223334,TFIIB FL,data,small_condensates
12.0,1.0,10.863961030678928,TFIIB FL,data,small_condensates
7.0,1.0,6.621320343559642,TFIIB FL,data,small_condensates
1.0,1.0,0.0,TFIIB FL,data,small_condensates
1.0,1.0,0.0,TFIIB FL,data,small_condensates
2.0,1.0,0.0,TFIIB FL,data,small_condensates
21.0,1.0,15.449747468305832,TFIIB FL,data,small_condensates
161.0,1.0,47.21320343559643,TFIIB FL,data,small_condensates
116.0,1.0,38.384776310850235,TFIIB FL,data,small_condensates
308.0,1.0,65.21320343559643,TFIIB FL,data,small_condensates
84.0,1.0,31.899494936611667,TFIIB FL,data,small_condensates
22.0,1.0,15.65685424949238,TFIIB FL,data,small_condensates
389.0,1.0,77.76955262170047,TFIIB FL,data,small_condensates
10.0,1.0,9.242640687119284,TFIIB FL,data,small_condensates
169.0,1.0,46.970562748477136,TFIIB FL,data,small_condensates
91.0,1.0,32.970562748477136,TFIIB FL,data,small_condensates
1.0,1.0,0.0,TFIIB FL,data,small_condensates
125.0,1.0,42.31370849898476,TFIIB FL,data,small_condensates
27.0,1.0,18.071067811865476,TFIIB FL,data,small_condensates
282.0,1.0,66.49137802864846,TFIIB FL,data,small_condensates
154.0,1.0,46.79898987322333,TFIIB FL,data,small_condensates
92.0,1.0,34.14213562373095,TFIIB FL,data,small_condensates
13.0,1.0,11.035533905932738,TFIIB FL,data,small_condensates
77.0,1.0,30.72792206135785,TFIIB FL,data,small_condensates
174.0,1.0,47.45584412271571,TFIIB FL,data,small_condensates
35.0,1.0,20.65685424949238,TFIIB FL,data,small_condensates
113.0,1.0,39.55634918610404,TFIIB FL,data,small_condensates
1.0,1.0,0.0,TFIIB FL,data,small_condensates
161.0,1.0,47.384776310850235,TFIIB FL,data,small_condensates
29.0,1.0,17.656854249492383,TFIIB FL,data,small_condensates
154.0,1.0,46.384776310850235,TFIIB FL,data,small_condensates
2.0,1.0,0.0,TFIIB FL,data,small_condensates
6.0,1.0,6.0,TFIIB FL,data,small_condensates
1.0,1.0,0.0,TFIIB FL,data,small_condensates
46.0,1.0,24.14213562373095,TFIIB FL,data,small_condensates
34.0,1.0,20.485281374238568,TFIIB FL,data,small_condensates
51.0,1.0,25.899494936611667,TFIIB FL,data,small_condensates
12.0,1.0,10.65685424949238,TFIIB FL,data,small_condensates
7.0,1.0,7.414213562373095,TFIIB FL,data,small_condensates
19.0,1.0,15.621320343559642,TFIIB FL,data,small_condensates
1.0,1.0,0.0,TFIIB FL,data,small_condensates
3.0,1.0,3.414213562373095,TFIIB FL,data,small_condensates
5.0,1.0,4.621320343559642,TFIIB FL,data,small_condensates
42.0,1.0,23.106601717798213,TFIIB FL,data,small_condensates
28.0,1.0,17.31370849898476,TFIIB FL,data,small_condensates
103.0,1.0,36.14213562373095,TFIIB FL,data,small_condensates
6.0,1.0,6.207106781186548,TFIIB FL,data,small_condensates
64.0,1.0,28.384776310850235,TFIIB FL,data,small_condensates
305.0,1.0,66.698484809835,TFIIB FL,data,small_condensates
82.0,1.0,31.31370849898476,TFIIB FL,data,small_condensates
222.0,1.0,54.62741699796952,TFIIB FL,data,small_condensates
1.0,1.0,0.0,TFIIB FL,data,small_condensates
2.0,1.0,0.0,TFIIB FL,data,small_condensates
1.0,1.0,0.0,TFIIB FL,data,small_condensates
110.0,1.0,37.798989873223334,TFIIB FL,data,small_condensates
360.0,1.0,71.11269837220809,TFIIB FL,data,small_condensates
24.0,1.0,16.414213562373096,TFIIB FL,data,small_condensates
263.0,1.0,68.66295090390226,TFIIB FL,data,small_condensates
1.0,1.0,0.0,TFIIB FL,data,small_condensates
57.0,1.0,26.72792206135785,TFIIB FL,data,small_condensates
71.0,1.0,28.72792206135785,TFIIB FL,data,small_condensates
23.0,1.0,15.82842712474619,TFIIB FL,data,small_condensates
2.0,1.0,0.0,TFIIB FL,data,small_condensates
13.0,1.0,11.242640687119284,TFIIB FL,data,small_condensates
6.0,1.0,5.414213562373095,TFIIB FL,data,small_condensates
9.0,1.0,7.621320343559642,TFIIB FL,data,small_condensates
5.0,1.0,4.207106781186548,TFIIB FL,data,small_condensates
16.0,1.0,12.0,TFIIB FL,data,small_condensates
14.0,1.0,10.82842712474619,TFIIB FL,data,small_condensates
4.0,1.0,3.2071067811865475,TFIIB FL,data,small_condensates
1.0,1.0,0.0,TFIIB FL,data,small_condensates
128.0,1.0,42.62741699796952,TFIIB FL,data,small_condensates
32.0,1.0,20.071067811865476,TFIIB FL,data,small_condensates
68.0,1.0,30.14213562373095,TFIIB FL,data,small_condensates
50.0,1.0,24.485281374238568,TFIIB FL,data,small_condensates
91.0,1.0,34.72792206135785,TFIIB FL,data,small_condensates
48.0,1.0,24.48528137423857,TFIIB FL,data,small_condensates
69.0,1.0,28.970562748477143,TFIIB FL,data,small_condensates
13.0,1.0,10.82842712474619,TFIIB FL,data,small_condensates
29.0,1.0,18.86396103067893,TFIIB FL,data,small_condensates
7.0,1.0,6.207106781186548,TFIIB FL,data,small_condensates
10.0,1.0,8.207106781186548,TFIIB FL,data,small_condensates
104.0,1.0,37.798989873223334,TFIIB FL,data,small_condensates
63.0,1.0,27.556349186104047,TFIIB FL,data,small_condensates
14.0,1.0,11.449747468305834,TFIIB FL,data,small_condensates
20.0,1.0,15.242640687119284,TFIIB FL,data,small_condensates
77.0,1.0,41.970562748477136,TFIIB FL,data,small_condensates
3.0,1.0,1.2071067811865475,TFIIB FL,data,small_condensates
1.0,1.0,0.0,TFIIB FL,data,small_condensates
71.0,1.0,30.384776310850235,TFIIB FL,data,small_condensates
1.0,1.0,0.0,TFIIB FL,data,small_condensates
1.0,1.0,0.0,TFIIB FL,data,small_condensates
7.0,1.0,6.82842712474619,TFIIB FL,data,small_condensates
197.0,1.0,52.798989873223334,TFIIB FL,data,small_condensates
34.0,1.0,19.899494936611667,TFIIB FL,data,small_condensates
44.0,1.0,24.071067811865476,TFIIB FL,data,small_condensates
31.0,1.0,19.242640687119284,TFIIB FL,data,small_condensates
51.0,1.0,23.899494936611667,TFIIB FL,data,small_condensates
34.0,1.0,20.65685424949238,TFIIB FL,data,small_condensates
21.0,1.0,16.44974746830583,TFIIB FL,data,small_condensates
80.0,1.0,33.31370849898476,TFIIB FL,data,small_condensates
8.0,1.0,8.414213562373096,TFIIB FL,data,small_condensates
90.0,1.0,34.14213562373095,TFIIB FL,data,small_condensates
25.0,1.0,17.449747468305834,TFIIB FL,data,small_condensates
80.0,1.0,32.55634918610404,TFIIB FL,data,small_condensates
110.0,1.0,38.04163056034261,TFIIB FL,data,small_condensates
2.0,1.0,0.0,TFIIB FL,data,small_condensates
41.0,1.0,22.485281374238568,TFIIB FL,data,small_condensates
81.0,1.0,32.14213562373095,TFIIB FL,data,small_condensates
45.0,1.0,23.48528137423857,TFIIB FL,data,small_condensates
153.0,1.0,45.45584412271571,TFIIB FL,data,small_condensates
45.0,1.0,24.935028842544405,TFIIB FL,data,small_condensates
122.0,1.0,39.55634918610404,TFIIB FL,data,small_condensates
101.0,1.0,35.79898987322333,TFIIB FL,data,small_condensates
94.0,1.0,33.55634918610404,TFIIB FL,data,small_condensates
112.0,1.0,38.14213562373095,TFIIB FL,data,small_condensates
31.0,1.0,18.485281374238568,TFIIB FL,data,small_condensates
5.0,1.0,5.656854249492381,TFIIB FL,data,small_condensates
18.0,1.0,14.071067811865476,TFIIB FL,data,small_condensates
101.0,1.0,36.384776310850235,TFIIB FL,data,small_condensates
34.0,1.0,21.727922061357855,TFIIB FL,data,small_condensates
1.0,1.0,0.0,TFIIB FL,data,small_condensates
84.0,1.0,32.14213562373095,TFIIB FL,data,small_condensates
238.0,1.0,57.87005768508881,TFIIB FL,data,small_condensates
305.0,1.0,69.24873734152916,TFIIB FL,data,small_condensates
29.0,1.0,19.31370849898476,TFIIB FL,data,small_condensates
14.0,1.0,11.035533905932738,TFIIB FL,data,small_condensates
524.0,1.0,94.14823227814082,TFIIB FL,data,small_condensates
247.0,1.0,58.834523779156065,TFIIB FL,data,small_condensates
24.0,1.0,17.27817459305202,TFIIB FL,data,small_condensates
17.0,1.0,13.035533905932738,TFIIB FL,data,small_condensates
108.0,1.0,36.970562748477136,TFIIB FL,data,small_condensates
5.0,1.0,5.207106781186548,TFIIB FL,data,small_condensates
19.0,1.0,14.828427124746192,TFIIB FL,data,small_condensates
124.0,1.0,40.62741699796952,TFIIB FL,data,small_condensates
98.0,1.0,35.31370849898476,TFIIB FL,data,small_condensates
6.0,1.0,6.414213562373095,TFIIB FL,data,small_condensates
197.0,1.0,52.45584412271571,TFIIB FL,data,small_condensates
64.0,1.0,28.727922061357855,TFIIB FL,data,small_condensates
55.0,1.0,27.106601717798213,TFIIB FL,data,small_condensates
21.0,1.0,15.48528137423857,TFIIB FL,data,small_condensates
40.0,1.0,21.31370849898476,TFIIB FL,data,small_condensates
1.0,1.0,0.0,TFIIB FL,data,small_condensates
107.0,1.0,36.970562748477136,TFIIB FL,data,small_condensates
43.0,1.0,23.31370849898476,TFIIB FL,data,small_condensates
74.0,1.0,30.97056274847714,TFIIB FL,data,small_condensates
3.0,1.0,1.0,TFIIB FL,data,small_condensates
125.0,1.0,40.970562748477136,TFIIB FL,data,small_condensates
59.0,1.0,25.899494936611667,TFIIB FL,data,small_condensates
15.0,1.0,12.242640687119284,TFIIB FL,data,small_condensates
10.0,1.0,8.035533905932738,TFIIB FL,data,small_condensates
52.0,1.0,26.071067811865476,TFIIB FL,data,small_condensates
16.0,1.0,12.242640687119286,TFIIB FL,data,small_condensates
70.0,1.0,30.17766952966369,TFIIB FL,data,small_condensates
28.0,1.0,17.899494936611667,TFIIB FL,data,small_condensates
83.0,1.0,31.31370849898476,TFIIB FL,data,small_condensates
40.0,1.0,21.31370849898476,TFIIB FL,data,small_condensates
71.0,1.0,31.727922061357855,TFIIB FL,data,small_condensates
61.0,1.0,27.899494936611667,TFIIB FL,data,small_condensates
10.0,1.0,8.449747468305834,TFIIB FL,data,small_condensates
30.0,1.0,19.071067811865476,TFIIB FL,data,small_condensates
3.0,1.0,1.4142135623730951,TFIIB FL,data,small_condensates
70.0,1.0,29.556349186104043,TFIIB FL,data,small_condensates
189.0,1.0,50.21320343559643,TFIIB FL,data,small_condensates
4.0,1.0,4.621320343559642,TFIIB FL,data,small_condensates
26.0,1.0,18.86396103067893,TFIIB FL,data,small_condensates
28.0,1.0,18.485281374238568,TFIIB FL,data,small_condensates
3.0,1.0,3.414213562373095,TFIIB FL,data,small_condensates
9.0,1.0,7.207106781186548,TFIIB FL,data,small_condensates
22.0,1.0,15.692388155425117,TFIIB FL,data,small_condensates
1.0,1.0,0.0,TFIIB FL,data,small_condensates
201.0,1.0,60.04163056034261,TFIIB FL,data,small_condensates
115.0,1.0,38.970562748477136,TFIIB FL,data,small_condensates
193.0,1.0,53.04163056034261,TFIIB FL,data,small_condensates
95.0,1.0,34.97056274847714,TFIIB FL,data,small_condensates
52.0,1.0,25.899494936611667,TFIIB FL,data,small_condensates
1.0,1.0,0.0,TFIIB FL,data,small_condensates
2.0,1.0,0.0,TFIIB FL,data,small_condensates
4.0,1.0,3.2071067811865475,TFIIB FL,data,small_condensates
40.0,1.0,23.65685424949238,TFIIB FL,data,small_condensates
68.0,1.0,28.727922061357855,TFIIB FL,data,small_condensates
38.0,1.0,21.65685424949238,TFIIB FL,data,small_condensates
5.0,1.0,5.621320343559642,TFIIB FL,data,small_condensates
72.0,1.0,29.899494936611664,TFIIB FL,data,small_condensates
146.0,1.0,43.21320343559643,TFIIB FL,data,small_condensates
59.0,1.0,26.14213562373095,TFIIB FL,data,small_condensates
42.0,1.0,22.14213562373095,TFIIB FL,data,small_condensates
8.0,1.0,7.414213562373095,TFIIB FL,data,small_condensates
21.0,1.0,15.242640687119286,TFIIB FL,data,small_condensates
12.0,1.0,8.207106781186548,TFIIB FL,data,small_condensates
61.0,1.0,27.72792206135785,TFIIB FL,data,small_condensates
50.0,1.0,24.31370849898476,TFIIB FL,data,small_condensates
46.0,1.0,26.106601717798213,TFIIB FL,data,small_condensates
36.0,1.0,20.485281374238568,TFIIB FL,data,small_condensates
20.0,1.0,16.071067811865476,TFIIB FL,data,small_condensates
1.0,1.0,0.0,TFIIB FL,data,small_condensates
131.0,1.0,40.384776310850235,TFIIB FL,data,small_condensates
1.0,1.0,0.0,TFIIB FL,data,small_condensates
13.0,1.0,11.207106781186548,TFIIB FL,data,small_condensates
52.0,1.0,26.31370849898476,TFIIB FL,data,small_condensates
14.0,1.0,11.65685424949238,TFIIB FL,data,small_condensates
180.0,1.0,48.384776310850235,TFIIB FL,data,small_condensates
9.0,1.0,6.207106781186548,TFIIB FL,data,small_condensates
29.0,1.0,18.071067811865476,TFIIB FL,data,small_condensates
59.0,1.0,26.485281374238568,TFIIB FL,data,small_condensates
58.0,1.0,26.727922061357855,TFIIB FL,data,small_condensates
1.0,1.0,0.0,TFIIB FL,data,small_condensates
349.0,1.0,74.73401871576773,TFIIB FL,data,small_condensates
12.0,1.0,10.414213562373096,TFIIB FL,data,small_condensates
61.0,1.0,27.106601717798213,TFIIB FL,data,small_condensates
3.0,1.0,1.2071067811865475,TFIIB FL,data,small_condensates
210.0,1.0,52.87005768508881,TFIIB FL,data,small_condensates
189.0,1.0,50.45584412271571,TFIIB FL,data,small_condensates
6.0,1.0,4.0,TFIIB FL,data,small_condensates
21.0,1.0,15.242640687119284,TFIIB FL,data,small_condensates
1.0,1.0,0.0,TFIIB FL,data,small_condensates
226.0,1.0,56.87005768508881,TFIIB FL,data,small_condensates
51.0,1.0,25.899494936611667,TFIIB FL,data,small_condensates
14.0,1.0,11.449747468305832,TFIIB FL,data,small_condensates
31.0,1.0,19.485281374238568,TFIIB FL,data,small_condensates
84.0,1.0,31.899494936611667,TFIIB FL,data,small_condensates
18.0,1.0,14.035533905932738,TFIIB FL,data,small_condensates
191.0,1.0,50.62741699796952,TFIIB FL,data,small_condensates
56.0,1.0,27.14213562373095,TFIIB FL,data,small_condensates
1.0,1.0,0.0,TFIIB FL,data,small_condensates
17.0,1.0,13.242640687119284,TFIIB FL,data,small_condensates
4.0,1.0,3.2071067811865475,TFIIB FL,data,small_condensates
1.0,1.0,0.0,TFIIB FL,data,small_condensates
12.0,1.0,8.621320343559642,TFIIB FL,data,small_condensates
258.0,1.0,60.87005768508881,TFIIB FL,data,small_condensates
17.0,1.0,13.242640687119284,TFIIB FL,data,small_condensates
44.0,1.0,24.071067811865476,TFIIB FL,data,small_condensates
52.0,1.0,25.727922061357855,TFIIB FL,data,small_condensates
55.0,1.0,26.727922061357855,TFIIB FL,data,small_condensates
65.0,1.0,29.31370849898476,TFIIB FL,data,small_condensates
19.0,1.0,14.242640687119286,TFIIB FL,data,small_condensates
113.0,1.0,39.798989873223334,TFIIB FL,data,small_condensates
1.0,1.0,0.0,TFIIB FL,data,small_condensates
55.0,1.0,26.48528137423857,TFIIB FL,data,small_condensates
10.0,1.0,7.82842712474619,TFIIB FL,data,small_condensates
157.0,1.0,47.45584412271572,TFIIB FL,data,small_condensates
58.0,1.0,28.14213562373095,TFIIB FL,data,small_condensates
145.0,1.0,43.798989873223334,TFIIB FL,data,small_condensates
32.0,1.0,20.485281374238568,TFIIB FL,data,small_condensates
154.0,1.0,46.04163056034261,TFIIB FL,data,small_condensates
123.0,1.0,39.55634918610404,TFIIB FL,data,small_condensates
162.0,1.0,48.04163056034261,TFIIB FL,data,small_condensates
19.0,1.0,14.485281374238571,TFIIB FL,data,small_condensates
96.0,1.0,38.48528137423857,TFIIB FL,data,small_condensates
64.0,1.0,30.899494936611667,TFIIB FL,data,small_condensates
9.0,1.0,7.207106781186548,TFIIB FL,data,small_condensates
